entry_time,exit_time,direction,bars_held,size_factor,notional,beta,gross_pnl,slippage_spread_cost,commission,net_pnl,return_pct,capital_after
2021-01-12 14:41:00+00:00,2021-01-12 15:54:00+00:00,long,73,1.0,100000.0,0.6188441122804984,295.23755794201384,43.7855858547412,6.0,289.23755794201384,0.28923755794201383,100289.23755794202
2021-01-12 17:15:00+00:00,2021-01-15 20:38:00+00:00,long,1374,1.0,100289.23755794202,0.5695006608853743,325.2459473831095,43.43388444233493,6.0,319.2459473831095,0.31832523125790585,100608.48350532513
2021-01-20 19:27:00+00:00,2021-01-21 14:50:00+00:00,short,114,1.0,100608.48350532513,0.5299316857520695,101.06042915915035,44.19327945816389,6.0,95.06042915915035,0.0944855004738431,100703.54393448427
2021-01-25 14:31:00+00:00,2021-01-26 14:43:00+00:00,long,403,1.0,100703.54393448427,0.38182741816323423,172.5725054462714,44.76462712669913,6.0,166.5725054462714,0.16540878199345216,100870.11643993054
2021-01-27 14:31:00+00:00,2021-01-27 15:30:00+00:00,long,59,1.0,100870.11643993054,0.4544356937117968,527.6296932145933,44.58195578242554,6.0,521.6296932145933,0.5171300595506207,101391.74613314513
2021-01-27 17:03:00+00:00,2021-01-27 17:50:00+00:00,long,47,1.0,101391.74613314513,0.5320348772664409,355.83499862635443,45.06748438600728,6.0,349.83499862635443,0.3450330149822647,101741.58113177148
2021-01-27 19:52:00+00:00,2021-01-28 14:31:00+00:00,long,70,1.0,101741.58113177148,0.4406206700015064,425.89323939557653,45.845258757910585,6.0,419.89323939557653,0.4127056359107966,102161.47437116706
2021-01-29 14:34:00+00:00,2021-01-29 14:57:00+00:00,short,23,1.0,102161.47437116706,0.5517562241001027,351.9871069579671,44.910391582444106,6.0,345.9871069579671,0.33866690852654213,102507.46147812503
2021-01-29 17:25:00+00:00,2021-02-01 14:46:00+00:00,long,232,0.5242881698118039,53743.44937042017,0.8025783130564019,-221.2009919742752,23.885319265278767,6.0,-227.2009919742752,-0.42275104154242144,102280.26048615076
2021-02-02 14:35:00+00:00,2021-02-02 16:00:00+00:00,short,85,1.0,102280.26048615076,0.7968489210327515,606.8626269757644,45.1023341153473,6.0,600.8626269757644,0.5874668524696651,102881.12311312652
2021-02-03 14:34:00+00:00,2021-02-03 14:52:00+00:00,long,18,1.0,102881.12311312652,0.7456205089034207,367.4935381873348,45.14296179596452,6.0,361.4935381873348,0.35137013209881274,103242.61665131386
2021-02-03 15:25:00+00:00,2021-02-04 14:32:00+00:00,long,334,1.0,103242.61665131386,0.8077745548290213,-225.0139107661297,45.487093751203865,6.0,-231.0139107661297,-0.22375828728396513,103011.60274054774
2021-02-04 20:16:00+00:00,2021-02-08 17:32:00+00:00,short,615,1.0,103011.60274054774,0.7822745744869793,-9.963133921830263,44.95139780810038,6.0,-15.963133921830263,-0.015496442630871528,102995.6396066259
2021-02-11 14:31:00+00:00,2021-02-11 14:36:00+00:00,long,5,1.0,102995.6396066259,0.3073547637757757,271.12808742938506,45.5984076417993,6.0,265.12808742938506,0.25741680758719115,103260.76769405529
2021-02-17 14:37:00+00:00,2021-02-17 15:13:00+00:00,long,36,1.0,103260.76769405529,0.34628062997775877,266.58563907485626,45.71570773993778,6.0,260.58563907485626,0.2523568678541387,103521.35333313014
2021-02-18 14:42:00+00:00,2021-02-18 17:15:00+00:00,long,150,1.0,103521.35333313014,0.31475416216553664,338.30193270329187,45.92339628122744,6.0,332.30193270329187,0.32099844332014216,103853.65526583344
2021-02-19 14:44:00+00:00,2021-02-22 16:16:00+00:00,long,482,0.9571911152666663,99407.796108423,0.5869232265415778,-3.0013184546547222,43.841977300756405,6.0,-9.001318454654722,-0.009054942174592706,103844.65394737879
2021-02-23 14:36:00+00:00,2021-02-23 14:47:00+00:00,long,11,0.9141772484436057,94932.42001119316,0.6975438126212533,18.22831483578733,41.70696857026197,6.0,12.22831483578733,0.01288107354088891,103856.88226221457
2021-02-23 14:52:00+00:00,2021-02-23 15:11:00+00:00,long,19,0.7848270927290169,81509.69496575366,0.5848854550504202,25.081941865871556,35.886704264258725,6.0,19.081941865871556,0.02341064075124909,103875.96420408043
2021-02-23 20:27:00+00:00,2021-02-23 20:28:00+00:00,short,1,0.7584666717836533,78786.45684818679,0.6372698478116902,-23.517535906874414,34.451729539929566,6.0,-29.517535906874414,-0.03746524096616199,103846.44666817355
2021-02-23 20:31:00+00:00,2021-02-23 20:36:00+00:00,short,5,0.7632831015976547,79264.23790277894,0.590691670571541,23.40089124705942,34.66664027435086,6.0,17.40089124705942,0.021953016527330237,103863.84755942061
2021-02-24 15:36:00+00:00,2021-02-25 15:38:00+00:00,short,393,0.8482512360416911,88102.63707232432,0.5061748661645139,151.61862014886404,38.72103764469538,6.0,145.61862014886404,0.16528293021390983,104009.46617956947
2021-03-01 14:42:00+00:00,2021-03-01 14:43:00+00:00,long,1,1.0,104009.46617956947,0.5309007352983652,-70.23095105626824,45.5199498384946,6.0,-76.23095105626824,-0.07329232026309761,103933.23522851321
2021-03-01 17:28:00+00:00,2021-03-01 18:19:00+00:00,long,51,1.0,103933.23522851321,0.5532713782948769,-82.2706345192704,45.435175926965485,6.0,-88.2706345192704,-0.08493013262330748,103844.96459399394
2021-03-03 17:36:00+00:00,2021-03-03 20:47:00+00:00,long,190,1.0,103844.96459399394,0.6137561200567235,-124.5102782203005,45.68113461092661,6.0,-130.5102782203005,-0.12567800348390587,103714.45431577363
2021-03-04 16:05:00+00:00,2021-03-04 17:34:00+00:00,short,89,1.0,103714.45431577363,0.47104142612165983,83.20771890050622,45.296841097797056,6.0,77.20771890050622,0.0744425831576341,103791.66203467414
2021-03-04 18:52:00+00:00,2021-03-04 18:53:00+00:00,long,1,0.9559655083218982,99221.24895655192,0.6939496218613482,-30.708477300488823,43.385485385665866,6.0,-36.70847730048882,-0.03699658862041046,103754.95355737365
2021-03-04 18:54:00+00:00,2021-03-04 18:55:00+00:00,long,1,0.9493949896915808,98504.43306305319,0.7110511849316477,-77.37542461001613,43.1204357487329,6.0,-83.37542461001613,-0.08464129178495662,103671.57813276364
2021-03-04 18:56:00+00:00,2021-03-04 19:01:00+00:00,long,5,0.9490204056810375,98386.44313714873,0.6077445108779166,-21.13536808068916,43.08555061203209,6.0,-27.13536808068916,-0.02758039341137986,103644.44276468294
2021-03-04 19:02:00+00:00,2021-03-04 19:11:00+00:00,long,9,0.940803714552314,97509.07674571843,0.656278721466648,-63.370513297676155,42.85031024307641,6.0,-69.37051329767615,-0.07114262139777892,103575.07225138527
2021-03-08 15:12:00+00:00,2021-03-08 20:57:00+00:00,short,345,1.0,103575.07225138527,0.6209576521777198,243.9940339990892,45.513389828861136,6.0,237.9940339990892,0.22977925945487926,103813.06628538435
2021-03-10 15:55:00+00:00,2021-03-10 16:02:00+00:00,long,7,1.0,103813.06628538435,0.4611219111071629,-165.53102872915628,45.446896270823416,6.0,-171.53102872915628,-0.16523067362022983,103641.5352566552
2021-03-10 16:03:00+00:00,2021-03-10 16:18:00+00:00,long,15,1.0,103641.5352566552,0.46880649939982366,-40.56098781080924,45.26994810004271,6.0,-46.56098781080924,-0.044925027109552956,103594.9742688444
2021-03-10 16:19:00+00:00,2021-03-10 16:22:00+00:00,long,3,0.9743762427051776,100940.48179121615,0.5154120465399465,-26.45137801053083,43.99442639909529,6.0,-32.45137801053083,-0.03214902230965451,103562.52289083386
2021-03-10 16:23:00+00:00,2021-03-10 16:30:00+00:00,long,7,0.9675179354288181,100198.5983351393,0.5448488487771813,-84.81793939154619,43.7314779888505,6.0,-90.81793939154619,-0.09063793396368966,103471.70495144231
2021-03-10 16:31:00+00:00,2021-03-10 16:42:00+00:00,long,11,0.9490955556154476,98204.53530136679,0.49040210677036405,71.53590107911285,42.898596114875545,6.0,65.53590107911285,0.06673408807240772,103537.24085252143
2021-03-10 16:47:00+00:00,2021-03-10 16:50:00+00:00,long,3,0.9241749206129067,95686.5213453584,0.5229818733727869,0.6952494927701736,41.76994322668892,6.0,-5.304750507229826,-0.0055438847944775365,103531.9361020142
2021-03-11 15:29:00+00:00,2021-03-12 16:02:00+00:00,short,424,0.9931358120580523,102821.27343461626,0.5607962499383126,-307.6100941359015,44.32770609228807,6.0,-313.6100941359015,-0.30500506720073367,103218.32600787829
2021-03-18 13:46:00+00:00,2021-03-18 14:02:00+00:00,short,16,0.8226105909958203,84908.48815894002,0.6771610898126779,2.207995224202378,36.92047461313028,6.0,-3.792004775797622,-0.004465990218433022,103214.5340031025
2021-03-18 14:13:00+00:00,2021-03-18 14:16:00+00:00,short,3,0.8214562422724732,84786.22325009298,0.6529697917701164,53.29122020637361,36.99766362609931,6.0,47.29122020637361,0.0557770099829535,103261.82522330887
2021-03-18 14:53:00+00:00,2021-03-18 14:58:00+00:00,short,5,0.909663555987338,93933.51913037813,0.5754162342294354,86.83669583800796,41.03880247957673,6.0,80.83669583800796,0.08605734841660515,103342.66191914688
2021-03-18 15:17:00+00:00,2021-03-18 15:22:00+00:00,short,5,0.8944791057141352,92437.85181555671,0.5941765193628411,-91.72553132275978,40.29326826808304,6.0,-97.72553132275978,-0.10572025355776733,103244.93638782411
2021-03-18 15:33:00+00:00,2021-03-18 15:36:00+00:00,short,3,0.9176429401202193,94741.98697944793,0.5980426873975122,-95.12544651553577,41.3383342520851,6.0,-101.12544651553577,-0.10673773027102818,103143.81094130858
2021-03-18 15:39:00+00:00,2021-03-19 13:46:00+00:00,short,278,0.9236084233867299,95264.49260560096,0.6563598709794113,-339.11916872461734,41.246442186325545,6.0,-345.11916872461734,-0.36227471462365873,102798.69177258396
2021-03-19 13:52:00+00:00,2021-03-19 14:17:00+00:00,short,25,1.0,102798.69177258396,0.6185588904773994,341.19048243078265,45.04715688884024,6.0,335.19048243078265,0.3260649300599142,103133.88225501475
2021-03-19 14:39:00+00:00,2021-03-25 19:05:00+00:00,long,1827,1.0,103133.88225501475,0.5800710624175592,-1816.9765317173399,44.839332572057735,6.0,-1822.9765317173399,-1.7675825750549596,101310.9057232974
2021-03-26 18:35:00+00:00,2021-04-06 13:38:00+00:00,short,2040,1.0,101310.9057232974,0.44455577819500425,-1134.6353740267214,44.69017614939929,6.0,-1140.6353740267214,-1.1258761985032986,100170.27034927068
2021-04-08 15:42:00+00:00,2021-04-13 14:06:00+00:00,long,1064,0.8995539593583309,90108.56330268086,1.5139144566595042,-21.52349002729796,38.91671325525959,6.0,-27.52349002729796,-0.030544810635638107,100142.74685924339
2021-04-15 16:02:00+00:00,2021-04-20 15:12:00+00:00,short,1120,0.2972882428962059,29771.261252584012,0.5661553561296848,-149.67864512949208,12.83035667769633,6.0,-155.67864512949208,-0.5229158543492337,99987.0682141139
2021-04-21 13:51:00+00:00,2021-04-26 17:11:00+00:00,short,1371,1.0,99987.0682141139,0.5745994339843254,-12.889654015014685,44.0103344916743,6.0,-18.889654015014685,-0.018892097100561122,99968.17856009888
2021-04-28 13:58:00+00:00,2021-04-28 14:00:00+00:00,long,2,0.9869158947185935,98660.1843870281,0.7090234223014907,-66.56812293721654,42.73930810579717,6.0,-72.56812293721654,-0.07355360562934225,99895.61043716167
2021-04-28 14:07:00+00:00,2021-04-28 14:11:00+00:00,long,4,0.9040642188300728,90312.04701442583,0.8820838559792628,95.28421609638764,38.99867263044051,6.0,89.28421609638764,0.09886191161421244,99984.89465325806
2021-04-28 15:32:00+00:00,2021-04-28 17:52:00+00:00,short,139,0.6839239548763408,68382.06457915055,0.6175774281179512,-29.68762327158412,29.66720985029034,6.0,-35.687623271584116,-0.05218857238549235,99949.20702998647
2021-04-29 13:31:00+00:00,2021-05-03 16:22:00+00:00,short,950,0.7053500553066636,70499.17870645813,0.8958150233848651,-697.8285914232188,30.195107155085175,6.0,-703.8285914232188,-0.9983500578833608,99245.37843856325
2021-05-05 15:12:00+00:00,2021-05-06 14:38:00+00:00,long,350,0.9127656579377859,90587.77314775973,0.28246493301932235,302.96693304048256,39.54700672628382,6.0,296.96693304048256,0.3278223127928017,99542.34537160373
2021-05-10 13:46:00+00:00,2021-05-13 16:03:00+00:00,long,1306,1.0,99542.34537160373,0.32363037891736834,-670.5655771858926,42.95574656208251,6.0,-676.5655771858926,-0.6796761465285861,98865.77979441785
2021-05-14 14:03:00+00:00,2021-05-18 14:59:00+00:00,short,811,0.526457295955466,52048.61109309777,0.7369077418212309,94.30275174403386,22.737875461655342,6.0,88.30275174403386,0.169654386331442,98954.08254616188
2021-05-25 16:19:00+00:00,2021-05-26 15:26:00+00:00,short,338,1.0,98954.08254616188,0.45771706300739917,26.295387087211907,43.019893946185164,6.0,20.295387087211907,0.020509903750301713,98974.3779332491
2021-05-28 15:56:00+00:00,2021-06-01 14:21:00+00:00,short,295,1.0,98974.3779332491,0.3911841625919258,133.82546949453274,43.25193229194113,6.0,127.82546949453274,0.12915006101957172,99102.20340274363
2021-06-02 13:31:00+00:00,2021-06-02 17:44:00+00:00,short,251,1.0,99102.20340274363,0.40791609177001353,216.14102871560084,43.39937844336756,6.0,210.14102871560084,0.21204475934970293,99312.34443145923
2021-06-03 16:32:00+00:00,2021-06-03 19:27:00+00:00,short,169,1.0,99312.34443145923,0.6211149103075073,144.5241907781604,43.18816775505216,6.0,138.5241907781604,0.13948335584179405,99450.8686222374
2021-06-07 13:31:00+00:00,2021-06-14 14:01:00+00:00,short,1945,1.0,99450.8686222374,0.7501329512229927,-839.208554267215,43.08662216758187,6.0,-845.208554267215,-0.8498754872395603,98605.66006797018
2021-06-15 19:53:00+00:00,2021-06-21 17:14:00+00:00,long,1379,0.9368564705402458,92379.3506665698,0.48235516054546873,-272.076091229268,40.41498317085933,6.0,-278.076091229268,-0.30101542089524347,98327.58397674092
2021-06-22 15:03:00+00:00,2021-06-22 19:16:00+00:00,long,253,0.703643208959891,69187.53671866714,0.6599839467093068,-36.69892075675358,30.18072793346851,6.0,-42.69892075675358,-0.061714757862210756,98284.88505598417
2021-06-24 13:32:00+00:00,2021-06-28 13:45:00+00:00,short,785,0.4471772783395084,43950.76740124642,0.5946196473835746,-77.0439631178177,19.026633923141546,6.0,-83.0439631178177,-0.18894769768107078,98201.84109286635
2021-06-29 18:26:00+00:00,2021-07-01 13:35:00+00:00,short,489,0.9100729080515707,89370.83509940312,0.6553336208158947,-11.889073938362344,38.73960491960925,6.0,-17.889073938362344,-0.02001667984691554,98183.95201892799
2021-07-01 14:08:00+00:00,2021-07-01 16:08:00+00:00,short,119,1.0,98183.95201892799,0.6137696818991055,227.05201290783438,42.65409978878505,6.0,221.05201290783438,0.22514067560167042,98405.00403183582
2021-07-06 13:57:00+00:00,2021-07-07 13:30:00+00:00,short,363,1.0,98405.00403183582,0.62898846590616,-48.072753746683745,42.72255148851943,6.0,-54.072753746683745,-0.05494919112974196,98350.93127808913
2021-07-07 13:31:00+00:00,2021-07-08 13:31:00+00:00,short,388,0.549473005560074,54041.18180900392,0.6011694952045762,-293.9992699840788,23.290460453232342,6.0,-299.9992699840788,-0.5551308464059076,98050.93200810505
2021-07-13 16:14:00+00:00,2021-07-13 16:25:00+00:00,long,11,1.0,98050.93200810505,0.6079145065383774,31.04559999618182,42.51173149237269,6.0,25.04559999618182,0.02554345938711884,98075.97760810124
2021-07-13 17:43:00+00:00,2021-07-13 17:53:00+00:00,long,10,1.0,98075.97760810124,0.5573246264510944,-6.681902077184475,42.606967961365854,6.0,-12.681902077184475,-0.012930691476622028,98063.29570602406
2021-07-14 13:31:00+00:00,2021-07-14 14:00:00+00:00,short,29,1.0,98063.29570602406,0.5866795688767192,380.49555033099705,42.706509555365415,6.0,374.49555033099705,0.3818916625580958,98437.79125635505
2021-07-14 14:04:00+00:00,2021-07-19 13:32:00+00:00,short,1120,0.9824999897060316,96715.12889605333,0.529867093749654,-1099.0748273185413,41.488772054681725,6.0,-1105.0748273185413,-1.1426080282705764,97332.7164290365
2021-07-19 15:06:00+00:00,2021-07-19 16:37:00+00:00,short,91,1.0,97332.7164290365,0.48936272524877056,234.6891656701605,42.18861530505204,6.0,228.6891656701605,0.2349561114292886,97561.40559470667
2021-07-22 13:31:00+00:00,2021-07-22 13:40:00+00:00,long,9,1.0,97561.40559470667,0.5890240072955524,221.74112959437215,42.332896792605375,6.0,215.74112959437215,0.22113368322163401,97777.14672430104
2021-07-22 20:00:00+00:00,2021-07-23 13:31:00+00:00,long,2,1.0,97777.14672430104,0.564280831655275,234.31968884603077,42.74048521191221,6.0,228.31968884603077,0.23351027974851443,98005.46641314708
2021-07-26 15:35:00+00:00,2021-07-26 15:36:00+00:00,short,1,1.0,98005.46641314708,0.6707097142468698,-41.0493437655575,42.40121892201458,6.0,-47.0493437655575,-0.04800685664534117,97958.41706938152
2021-07-26 16:25:00+00:00,2021-07-26 16:29:00+00:00,short,4,1.0,97958.41706938152,0.5096965291154765,-13.799957006799579,42.47558375758649,6.0,-19.79995700679958,-0.02021261428997547,97938.61711237472
2021-07-26 16:34:00+00:00,2021-07-26 16:39:00+00:00,short,5,1.0,97938.61711237472,0.584711115822446,-47.90074558762735,42.41769415785912,6.0,-53.90074558762735,-0.055035232451548365,97884.71636678709
2021-07-26 16:42:00+00:00,2021-07-26 16:48:00+00:00,short,6,1.0,97884.71636678709,0.49636662785465224,-82.9823861677175,42.44757705593939,6.0,-88.9823861677175,-0.09090529090801941,97795.73398061938
2021-07-26 16:50:00+00:00,2021-07-26 16:56:00+00:00,short,6,1.0,97795.73398061938,0.5016172774644435,-43.63558906111855,42.39363990534953,6.0,-49.63558906111855,-0.050754349950433486,97746.09839155826
2021-07-26 16:57:00+00:00,2021-07-26 17:04:00+00:00,short,7,1.0,97746.09839155826,0.4605571227171116,-38.05056712317804,42.421389365757136,6.0,-44.05056712317804,-0.04506631757997864,97702.04782443508
2021-07-26 17:07:00+00:00,2021-07-26 17:12:00+00:00,short,5,1.0,97702.04782443508,0.6314020383383309,1.868199250213511,42.300998756217865,6.0,-4.131800749786489,-0.004228980703875415,97697.91602368529
2021-07-26 17:14:00+00:00,2021-07-26 17:20:00+00:00,short,6,1.0,97697.91602368529,0.5200831005564167,-68.30697684491737,42.3489110878424,6.0,-74.30697684491737,-0.07605789342211029,97623.60904684037
2021-07-26 17:22:00+00:00,2021-07-26 17:28:00+00:00,short,6,1.0,97623.60904684037,0.5059442458517048,9.842915577816804,42.31475696366037,6.0,3.842915577816804,0.003936461287733124,97627.45196241818
2021-07-26 17:30:00+00:00,2021-07-26 17:36:00+00:00,short,6,1.0,97627.45196241818,0.4976650009082311,-30.24612669555261,42.33485990462259,6.0,-36.24612669555261,-0.03712698218274262,97591.20583572263
2021-07-26 17:47:00+00:00,2021-07-26 17:53:00+00:00,short,6,1.0,97591.20583572263,0.4806646982092738,-34.36501539588208,42.3298144996747,6.0,-40.36501539588208,-0.04136132456835237,97550.84082032675
2021-07-26 18:12:00+00:00,2021-07-26 18:17:00+00:00,short,5,1.0,97550.84082032675,0.5810205923547723,-28.078884720632047,42.25066589470697,6.0,-34.07888472063205,-0.034934485888645464,97516.76193560612
2021-07-26 18:19:00+00:00,2021-07-26 18:26:00+00:00,short,6,1.0,97516.76193560612,0.5068712712351849,-14.083228853370061,42.27389742129108,6.0,-20.08322885337006,-0.020594642864199847,97496.67870675275
2021-07-26 18:29:00+00:00,2021-07-26 18:34:00+00:00,short,5,1.0,97496.67870675275,0.5835735470361099,-23.975139589144394,42.23557477444529,6.0,-29.975139589144394,-0.03074478021892686,97466.7035671636
2021-07-27 13:34:00+00:00,2021-07-27 14:03:00+00:00,short,29,1.0,97466.7035671636,0.636989573416481,-104.06591153032468,42.37307229673284,6.0,-110.06591153032468,-0.11292667906274173,97356.63765563327
2021-07-27 14:04:00+00:00,2021-07-27 14:43:00+00:00,short,39,1.0,97356.63765563327,0.5106684099758936,127.69128648604334,42.00995412913847,6.0,121.69128648604334,0.12499536694815386,97478.32894211932
2021-07-27 15:24:00+00:00,2021-07-28 13:30:00+00:00,short,276,1.0,97478.32894211932,0.3715475075569843,111.03255219561387,42.379676432172765,6.0,105.03255219561387,0.10774964377772633,97583.36149431493
2021-07-28 14:42:00+00:00,2021-07-28 14:56:00+00:00,short,13,0.3494319841956172,34098.74763143666,1.0174112424669601,55.354244835328096,14.716922326843754,6.0,49.354244835328096,0.1447391715636704,97632.71573915026
2021-07-29 13:40:00+00:00,2021-07-29 14:48:00+00:00,long,68,0.7525597803679954,73474.45511338585,0.609747280019857,221.64297038008678,31.794642191347457,6.0,215.64297038008678,0.2934938000524214,97848.35870953034
2021-08-02 13:31:00+00:00,2021-08-03 18:24:00+00:00,long,683,1.0,97848.35870953034,0.5372739703133369,605.6190816862968,41.533718346066905,6.0,599.6190816862968,0.6128044349382576,98447.97779121663
2021-08-04 13:34:00+00:00,2021-08-05 14:24:00+00:00,long,440,1.0,98447.97779121663,0.59075710012237,165.2135497293071,43.06276766109917,6.0,159.2135497293071,0.16172353490790733,98607.19134094594
2021-08-06 15:01:00+00:00,2021-08-06 17:11:00+00:00,short,125,1.0,98607.19134094594,0.6301395987723196,403.38855515469334,42.83510774964472,6.0,397.38855515469334,0.40300159628386106,99004.57989610064
2021-08-11 14:00:00+00:00,2021-08-16 13:59:00+00:00,long,1164,0.9843270896398146,97452.88999014124,0.8212437318682525,586.3855346179627,41.820152943525954,6.0,580.3855346179627,0.59555497500041,99584.9654307186
2021-08-19 13:31:00+00:00,2021-08-19 16:50:00+00:00,long,198,0.6742658040811489,67146.73679053689,0.6160549473304576,288.406934034494,29.301693223181385,6.0,282.406934034494,0.4205817699160238,99867.37236475309
2021-08-24 13:58:00+00:00,2021-08-24 17:59:00+00:00,short,231,1.0,99867.37236475309,0.42740907785552756,309.8092463990854,43.499598318957034,6.0,303.8092463990854,0.304212716531141,100171.18161115218
2021-08-27 14:17:00+00:00,2021-08-27 14:24:00+00:00,short,7,0.6491513880292742,65026.26158341194,0.6316692966051686,88.55849701005268,28.351528844096897,6.0,82.55849701005268,0.12696177667257003,100253.74010816222
2021-08-27 18:45:00+00:00,2021-08-30 13:50:00+00:00,short,66,1.0,100253.74010816222,0.567038357047771,-15.848772925328781,43.69388030114676,6.0,-21.84877292532878,-0.02179347414047244,100231.8913352369
2021-08-30 14:33:00+00:00,2021-08-30 14:46:00+00:00,long,13,1.0,100231.8913352369,0.4964991404606779,48.66988922971731,43.871086636101005,6.0,42.66988922971731,0.04257117037431035,100274.56122446661
2021-09-02 13:52:00+00:00,2021-09-02 13:53:00+00:00,long,1,1.0,100274.56122446661,0.6524308228387292,-59.680428202346256,43.7499921475961,6.0,-65.68042820234626,-0.06550058898320114,100208.88079626426
2021-09-02 13:56:00+00:00,2021-09-03 13:33:00+00:00,long,358,1.0,100208.88079626426,0.4549597384152703,-148.52991558786084,43.786130815086075,6.0,-154.52991558786084,-0.15420780509667326,100054.3508806764
2021-09-09 17:34:00+00:00,2021-09-10 13:31:00+00:00,long,148,1.0,100054.3508806764,0.5074747794534759,138.79048907610945,43.89110641810194,6.0,132.79048907610945,0.13271835548108624,100187.14136975251
2021-09-10 13:51:00+00:00,2021-09-15 17:45:00+00:00,long,1400,1.0,100187.14136975251,0.48595627126818003,-62.62605179917978,43.500214675206294,6.0,-68.62605179917978,-0.06849786395831697,100118.51531795334
2021-09-17 14:17:00+00:00,2021-09-20 13:30:00+00:00,long,344,1.0,100118.51531795334,0.45550522640913305,-691.5555334906303,43.69148641645138,6.0,-697.5555334906303,-0.6967298019505729,99420.95978446271
2021-09-20 13:31:00+00:00,2021-09-21 13:30:00+00:00,long,390,1.0,99420.95978446271,0.39576141260850906,512.0133086032511,43.91465225836539,6.0,506.01330860325106,0.5089603939654681,99926.97309306596
2021-09-21 18:52:00+00:00,2021-09-21 19:13:00+00:00,short,21,0.5949595305526031,59452.50500099312,0.4699995347519905,1.0605378334413054,26.062443541065623,6.0,-4.939462166558695,-0.008308249024117965,99922.0336308994
2021-09-21 19:38:00+00:00,2021-09-21 19:57:00+00:00,short,19,0.5765812466907367,57613.1707227777,0.5056859730410579,-8.366407077775364,25.22467772360659,6.0,-14.366407077775364,-0.02493597713429704,99907.66722382163
2021-09-22 13:31:00+00:00,2021-09-23 13:56:00+00:00,short,414,0.5697143093055826,56918.82762675154,0.49764890603703443,72.97937070202397,25.198105910618793,6.0,66.97937070202397,0.11767524647774724,99974.64659452366
2021-09-23 14:41:00+00:00,2021-09-23 14:52:00+00:00,short,11,0.5228101751339146,52267.76249503413,0.7702129318212202,14.11869624642651,22.801948043379184,6.0,8.11869624642651,0.015532894194959757,99982.76529077008
2021-09-23 14:57:00+00:00,2021-09-23 15:08:00+00:00,short,11,0.5211065835828507,52101.67723783922,0.6908900233192066,-21.526634833095535,22.715665180180697,6.0,-27.526634833095535,-0.05283253110535973,99955.23865593699
2021-09-23 15:25:00+00:00,2021-09-23 15:28:00+00:00,short,3,0.5179533829917825,51772.154009593556,0.800301209099122,-36.168108895219774,22.54772839090698,6.0,-42.168108895219774,-0.08144940016868119,99913.07054704177
2021-09-23 15:29:00+00:00,2021-09-23 15:52:00+00:00,short,23,0.517569160197699,51711.92401580587,0.734100679083013,-11.37255611509529,22.541273248714074,6.0,-17.37255611509529,-0.0335948747716007,99895.69799092668
2021-09-23 15:53:00+00:00,2021-09-23 15:56:00+00:00,short,3,0.5172193413127693,51667.98711484642,0.7480525332924051,-7.833067482196253,22.507985618948904,6.0,-13.833067482196252,-0.026772994758724442,99881.86492344449
2021-09-24 13:32:00+00:00,2021-09-24 13:45:00+00:00,short,13,0.5235527914582767,52293.4291967279,0.8363953029065074,112.3131502413894,22.842552609224974,6.0,106.3131502413894,0.20330116397882284,99988.17807368588
2021-09-24 13:46:00+00:00,2021-09-24 15:43:00+00:00,short,117,0.5254648461462673,52540.27260793493,0.8175913403563955,97.00337369661719,22.86219957683388,6.0,91.00337369661719,0.17320689288329527,100079.18144738249
2021-09-27 13:32:00+00:00,2021-09-27 14:32:00+00:00,short,60,0.4753784260437149,47575.48375620004,0.5993985706125164,239.4680363133757,20.809806587160978,6.0,233.4680363133757,0.49073181790390125,100312.64948369587
2021-09-28 13:35:00+00:00,2021-09-28 13:57:00+00:00,long,22,0.9719259573207931,97496.46788082627,0.6686082629561808,182.5529845464591,42.48238124606694,6.0,176.5529845464591,0.18108654434770569,100489.20246824234
2021-09-28 14:35:00+00:00,2021-09-29 13:33:00+00:00,long,327,1.0,100489.20246824234,0.6622729606328358,-140.58694631227286,44.09219632857097,6.0,-146.58694631227286,-0.1458733303795488,100342.61552193006
2021-09-30 14:23:00+00:00,2021-10-01 14:01:00+00:00,long,369,1.0,100342.61552193006,0.6865473535406345,326.11946769180446,43.56393927664516,6.0,320.11946769180446,0.31902643361119265,100662.73498962187
2021-10-04 17:12:00+00:00,2021-10-06 13:31:00+00:00,short,561,1.0,100662.73498962187,0.750229953088988,-115.98763685516684,43.827767102850274,6.0,-121.98763685516684,-0.12118450474025322,100540.7473527667
2021-10-07 13:32:00+00:00,2021-10-11 13:36:00+00:00,short,782,1.0,100540.7473527667,0.7113587846396677,182.39100619412048,43.78497901312767,6.0,176.39100619412048,0.17544230656573342,100717.13835896082
2021-10-11 19:35:00+00:00,2021-10-14 13:31:00+00:00,long,806,1.0,100717.13835896082,0.5546439173691077,236.25295313591914,43.92933973090065,6.0,230.25295313591914,0.22861347819006367,100947.39131209673
2021-10-18 15:24:00+00:00,2021-10-18 19:50:00+00:00,short,266,1.0,100947.39131209673,0.5994812845088375,532.8772389284759,44.046589715731926,6.0,526.8772389284759,0.5219324958081796,101474.2685510252
2021-10-22 15:04:00+00:00,2021-10-22 18:54:00+00:00,long,208,1.0,101474.2685510252,0.5670196561411175,93.10838379597475,44.28416963637274,6.0,87.10838379597475,0.0858428299507015,101561.37693482118
2021-10-25 18:45:00+00:00,2021-10-26 15:48:00+00:00,short,213,1.0,101561.37693482118,0.6030560315719077,109.00195086680219,44.14062057694679,6.0,103.00195086680219,0.10141842694088869,101664.37888568798
2021-10-27 13:31:00+00:00,2021-10-27 14:03:00+00:00,long,32,1.0,101664.37888568798,0.5100133851826534,949.3330261029078,44.534891681917664,6.0,943.3330261029078,0.9278894303417687,102607.71191179089
2021-10-27 14:13:00+00:00,2021-10-27 14:30:00+00:00,short,17,0.85405163501734,87632.28412365321,0.7181753929120773,-152.61383607855146,38.26343219234036,6.0,-158.61383607855146,-0.1809993173916818,102449.09807571233
2021-10-27 14:33:00+00:00,2021-10-27 14:34:00+00:00,short,1,0.6905748096399598,70748.76640142061,0.7603932938998756,24.448133908870542,30.89882046149563,6.0,18.448133908870542,0.02607555558523507,102467.5462096212
2021-10-27 15:01:00+00:00,2021-10-27 15:16:00+00:00,short,15,0.5831479267959172,59753.737136005446,0.7566493850315652,-66.76562319635367,26.082165696957937,6.0,-72.76562319635367,-0.12177585316669297,102394.78058642485
2021-10-27 15:17:00+00:00,2021-10-27 15:21:00+00:00,short,4,0.5509814710654185,56417.62683692912,0.7650798393376067,-9.764608393058452,24.671327613802347,6.0,-15.764608393058452,-0.027942700317092138,102379.01597803179
2021-10-27 15:32:00+00:00,2021-10-27 15:35:00+00:00,long,3,0.5244941260942328,53697.19251578529,0.9621077651848141,-17.631675788486405,23.418705446372442,6.0,-23.631675788486405,-0.04400914588139675,102355.3843022433
2021-10-27 15:40:00+00:00,2021-10-27 15:41:00+00:00,long,1,0.512225032119933,52428.990011864655,0.8874711766747149,9.618921428266429,22.89329982962377,6.0,3.618921428266429,0.0069025198224254725,102359.00322367156
2021-10-27 15:49:00+00:00,2021-10-27 16:03:00+00:00,short,14,0.5029019059626363,51476.53781362006,0.768278613169337,15.40103358603621,22.502667556132472,6.0,9.40103358603621,0.018262754228099642,102368.4042572576
2021-10-27 16:14:00+00:00,2021-10-27 16:15:00+00:00,long,1,0.48698563517386834,49851.94236895592,0.8225168994457074,-50.620854370402995,21.777542063710637,6.0,-56.620854370402995,-0.11357803062386242,102311.7834028872
2021-10-27 16:21:00+00:00,2021-10-27 16:31:00+00:00,short,10,0.484476643164092,49567.66937916246,0.7509506487244711,6.539480249538549,21.671253768228528,6.0,0.5394802495385491,0.0010883712232097379,102312.32288313675
2021-10-27 16:37:00+00:00,2021-10-27 17:03:00+00:00,short,26,0.47690355768252574,48793.1107777312,0.7715326867208544,-45.033622274897105,21.34202440077036,6.0,-51.033622274897105,-0.10459186032916036,102261.28926086184
2021-10-27 17:09:00+00:00,2021-10-27 17:23:00+00:00,short,14,0.4721711366771842,48284.829188375465,0.7348971523278821,37.74788775473638,21.145657969197767,6.0,31.747887754736382,0.0657512686456384,102293.03714861658
2021-10-27 17:34:00+00:00,2021-10-27 17:35:00+00:00,long,1,0.4812813420306142,49231.73019927366,0.8396252452312308,-19.53573105065965,21.498053534274824,6.0,-25.53573105065965,-0.051868441241653525,102267.50141756592
2021-10-27 17:50:00+00:00,2021-10-27 17:51:00+00:00,long,1,0.4875103478013481,49856.46518485242,0.8400095564948585,-42.93346977393063,21.768478476633035,6.0,-48.93346977393063,-0.09814869464271161,102218.56794779199
2021-10-27 17:52:00+00:00,2021-10-27 18:13:00+00:00,long,21,0.48854854724838886,49938.7328727045,0.8618165028427461,-162.84673263963595,21.83579221178227,6.0,-168.84673263963595,-0.33810776310650875,102049.72121515236
2021-10-27 18:14:00+00:00,2021-11-01 19:29:00+00:00,long,1247,0.507801623142497,51821.01407429368,0.7870147202319001,-265.2098048702971,22.42594654669017,6.0,-271.2098048702971,-0.5233587372131981,101778.51141028207
2021-11-04 13:31:00+00:00,2021-11-04 13:54:00+00:00,long,23,1.0,101778.51141028207,0.545234500603007,-42.251514903594966,45.05089446094962,6.0,-48.251514903594966,-0.04740835195465475,101730.25989537848
2021-11-04 15:57:00+00:00,2021-11-05 13:43:00+00:00,long,257,1.0,101730.25989537848,0.561493692454523,-641.225758661039,45.43575071797306,6.0,-647.225758661039,-0.6362175416898173,101083.03413671744
2021-11-08 14:31:00+00:00,2021-11-09 14:33:00+00:00,short,392,1.0,101083.03413671744,0.5620609885692746,98.38718645745126,44.04443835341773,6.0,92.38718645745126,0.09139732225735843,101175.42132317489
2021-11-10 14:32:00+00:00,2021-11-10 14:36:00+00:00,long,4,1.0,101175.42132317489,0.32298492889161956,122.24617539171291,44.48998895344394,6.0,116.24617539171291,0.11489566721980723,101291.6674985666
2021-11-11 14:46:00+00:00,2021-11-15 14:39:00+00:00,long,765,1.0,101291.6674985666,0.33952474138166855,-212.03854102023615,45.16369164650733,6.0,-218.03854102023615,-0.21525812182262835,101073.62895754637
2021-11-17 14:31:00+00:00,2021-11-23 18:47:00+00:00,long,1818,1.0,101073.62895754637,0.3260692491942571,961.0775300121823,43.737313660119,6.0,955.0775300121823,0.9449324614765147,102028.70648755855
2021-11-24 19:53:00+00:00,2021-11-26 14:37:00+00:00,short,75,0.518419212200865,52893.641639153386,0.5610336447807841,-167.4416526301111,22.785649929148363,6.0,-173.4416526301111,-0.3279064311989527,101855.26483492844
2021-12-01 20:25:00+00:00,2021-12-01 20:44:00+00:00,long,19,1.0,101855.26483492844,0.5303339350946162,119.93750480448372,45.234781900495236,6.0,113.93750480448372,0.11186216538647889,101969.20233973293
2021-12-01 20:57:00+00:00,2021-12-02 14:31:00+00:00,long,5,1.0,101969.20233973293,0.5483129866281153,358.2474086307692,45.400071310036175,6.0,352.2474086307692,0.34544489958564073,102321.4497483637
2021-12-02 14:37:00+00:00,2021-12-02 15:46:00+00:00,short,69,1.0,102321.4497483637,0.5402585124334551,469.18969725018997,45.328507560210845,6.0,463.18969725018997,0.4526809367823653,102784.63944561388
2021-12-02 15:57:00+00:00,2021-12-03 14:41:00+00:00,short,315,1.0,102784.63944561388,0.4722280684267555,154.63173670152662,45.31097089937616,6.0,148.63173670152662,0.14460500859194206,102933.27118231541
2021-12-06 14:56:00+00:00,2021-12-06 15:31:00+00:00,short,35,1.0,102933.27118231541,0.5867024987364937,375.4843884028129,45.393673135423676,6.0,369.4843884028129,0.3589552572835096,103302.75557071822
2021-12-06 18:00:00+00:00,2021-12-13 17:48:00+00:00,short,1920,0.9301869375243349,96090.87384215131,0.518399925737665,-692.929010562437,42.829698246528054,6.0,-698.929010562437,-0.7273625294641084,102603.82656015578
2021-12-16 14:31:00+00:00,2021-12-16 14:35:00+00:00,short,4,0.6815328008351507,69927.87329194699,0.4451649818989702,229.32642184233026,30.56593956054306,6.0,223.32642184233026,0.31936681516102805,102827.15298199811
2021-12-16 14:36:00+00:00,2021-12-16 15:11:00+00:00,short,35,0.6664402550094684,68528.15405522044,0.6221736450283937,73.73480496180434,29.870350396553594,6.0,67.73480496180434,0.09884230196427471,102894.88778695991
2021-12-16 15:56:00+00:00,2021-12-16 17:15:00+00:00,short,79,0.6299739348935882,64821.09733958535,0.6805281423499705,-21.534544440539975,28.311249088553048,6.0,-27.534544440539975,-0.04247775118074869,102867.35324251937
2021-12-16 18:24:00+00:00,2021-12-16 18:43:00+00:00,short,19,0.6054105565344458,62276.98157577907,0.648033170532625,-17.30370264614032,27.22402554849404,6.0,-23.30370264614032,-0.03741944785455636,102844.04953987323
2021-12-17 14:31:00+00:00,2021-12-17 19:46:00+00:00,long,315,0.625282423766474,64306.576566251264,0.48290160448260633,-138.383209421156,28.327296674849,6.0,-144.383209421156,-0.22452324028228518,102699.66633045208
2021-12-20 14:41:00+00:00,2021-12-20 14:48:00+00:00,long,7,0.503169279632069,51675.317125947426,0.9554848932761211,101.35016954785014,22.579773302790905,6.0,95.35016954785014,0.18451782175899317,102795.01649999993
2021-12-20 15:01:00+00:00,2021-12-20 15:54:00+00:00,long,53,0.5057911838537666,51992.81308980244,0.8256722241542221,-67.28274554316448,22.810813116835497,6.0,-73.28274554316448,-0.1409478371877857,102721.73375445676
2021-12-21 14:55:00+00:00,2021-12-21 17:37:00+00:00,short,158,0.41384955069454715,42511.343360846826,0.3741332955279057,12.038150705808164,18.852090275540185,6.0,6.038150705808164,0.014203622441555992,102727.77190516256
2021-12-21 18:00:00+00:00,2021-12-21 18:03:00+00:00,short,3,0.360614889804807,37045.16414547354,0.9608524012499927,-9.354146877767073,16.137885703388594,6.0,-15.354146877767073,-0.04144710175253241,102712.41775828479
2021-12-21 18:04:00+00:00,2021-12-21 18:48:00+00:00,short,43,0.3598549410986098,36961.57104250338,0.867673491994954,39.99979922410361,16.153062249325274,6.0,33.99979922410361,0.09198688872019556,102746.41755750889
2021-12-21 18:49:00+00:00,2021-12-21 18:50:00+00:00,short,1,0.3521126560603763,36178.31398686294,0.941091550786017,-29.197371349104735,15.74594273693284,6.0,-35.197371349104735,-0.09728858940713932,102711.22018615979
2021-12-21 18:53:00+00:00,2021-12-21 18:54:00+00:00,short,1,0.3509376137046827,36045.23051282715,0.9598670710963535,-11.706163980433535,15.69330077710689,6.0,-17.706163980433537,-0.049122071709688686,102693.51402217936
2021-12-22 14:33:00+00:00,2021-12-22 14:49:00+00:00,short,15,0.3267382278803062,33553.89678640826,0.8838388621169837,100.33241309692423,14.637878095597298,6.0,94.33241309692423,0.2811369829781906,102787.84643527628
2021-12-22 16:03:00+00:00,2021-12-22 16:36:00+00:00,short,33,0.33713253010598865,34653.12673287052,0.7353683573454151,-27.308086923946497,15.121984259782955,6.0,-33.3080869239465,-0.09611856148135638,102754.53834835233
2021-12-23 16:49:00+00:00,2021-12-23 16:50:00+00:00,long,1,0.4021898426631185,41326.8316112452,0.5548903848293492,-18.07533795755681,18.063504777985443,6.0,-24.07533795755681,-0.05825594902611845,102730.46301039477
2021-12-23 16:53:00+00:00,2021-12-23 16:54:00+00:00,long,1,0.4020967208340592,41307.582306244345,0.5873164862875035,-17.099165674578366,18.045746329915048,6.0,-23.099165674578366,-0.05591991684075524,102707.3638447202
2021-12-23 16:57:00+00:00,2021-12-23 16:58:00+00:00,long,1,0.40195087444156147,41283.314708972895,0.5694954187102302,-15.252480571780303,18.047776407187847,6.0,-21.252480571780303,-0.051479588597959876,102686.11136414841
2021-12-23 17:05:00+00:00,2021-12-23 17:06:00+00:00,long,1,0.3996628646694778,41039.825429564575,0.5011877654903476,-21.082283573811925,17.967992868659305,6.0,-27.082283573811925,-0.06599025042222083,102659.0290805746
2021-12-23 17:45:00+00:00,2021-12-23 17:46:00+00:00,long,1,0.38104957281123836,39118.17917636945,0.5495386154447367,-14.755516997279154,17.103973766276123,6.0,-20.755516997279152,-0.0530584946290577,102638.27356357733
2021-12-23 17:49:00+00:00,2021-12-23 17:50:00+00:00,long,1,0.38067321207393884,39071.641279170624,0.5813921458049512,-13.20128310257697,17.074753299605383,6.0,-19.20128310257697,-0.04914378427407735,102619.07228047475
2021-12-23 17:53:00+00:00,2021-12-23 17:56:00+00:00,long,3,0.38126347035217756,39124.90362197475,0.5969490374725723,-21.17704305924446,17.1007042652292,6.0,-27.17704305924446,-0.06946226199514599,102591.8952374155
2021-12-23 17:57:00+00:00,2021-12-23 17:58:00+00:00,long,1,0.38181044335418873,39170.657005144094,0.5844020472979847,-14.402154720102448,17.115999829687507,6.0,-20.40215472010245,-0.052085301294341656,102571.49308269541
2021-12-23 18:01:00+00:00,2021-12-23 18:02:00+00:00,long,1,0.38219385900263836,39202.19476493778,0.5438752859647156,-18.341638975257556,17.144703094191463,6.0,-24.341638975257556,-0.06209254130084721,102547.15144372015
2021-12-23 18:05:00+00:00,2021-12-23 18:06:00+00:00,long,1,0.38210559095840246,39183.83990350348,0.5108981472581264,-17.817670973315252,17.1496529164364,6.0,-23.817670973315252,-0.06078442294570952,102523.33377274685
2021-12-31 14:42:00+00:00,2021-12-31 19:07:00+00:00,long,258,1.0,102523.33377274685,0.40592546031280985,72.5866977672872,45.12955464949829,6.0,66.5866977672872,0.0649478468139587,102589.92047051413
2022-01-03 14:40:00+00:00,2022-01-03 19:38:00+00:00,short,297,1.0,102589.92047051413,0.5097932482830219,570.5743759247443,45.17533043838666,6.0,564.5743759247443,0.5503214870772918,103154.49484643887
2022-01-04 14:32:00+00:00,2022-01-04 15:25:00+00:00,short,53,1.0,103154.49484643887,0.4581776155439193,403.57496375503706,45.19209522576381,6.0,397.57496375503706,0.3854170042196297,103552.0698101939
2022-01-04 15:46:00+00:00,2022-01-04 15:59:00+00:00,short,13,1.0,103552.0698101939,0.5184793892124875,-32.21652621003109,45.11771352777468,6.0,-38.21652621003109,-0.03690561306990792,103513.85328398387
2022-01-04 16:52:00+00:00,2022-01-04 17:03:00+00:00,short,11,1.0,103513.85328398387,0.513448332858791,-59.019707420142964,45.05789402289878,6.0,-65.01970742014296,-0.0628125660067599,103448.83357656373
2022-01-04 17:44:00+00:00,2022-01-04 19:39:00+00:00,short,115,1.0,103448.83357656373,0.5078845914486851,201.44947829797667,45.1762427183985,6.0,195.44947829797667,0.1889334771023031,103644.2830548617
2022-01-05 19:10:00+00:00,2022-01-06 14:44:00+00:00,long,125,0.8860321240505428,91832.1642607948,0.5225425490009067,462.16636706512577,39.90333941481404,6.0,456.16636706512577,0.4967392097714868,104100.44942192684
2022-01-07 14:31:00+00:00,2022-01-12 14:37:00+00:00,long,1176,0.9161186793108024,95368.36624007659,0.36468029863536877,-441.4447216206985,41.901980094194506,6.0,-447.4447216206985,-0.46917519850798184,103653.00470030613
2022-01-19 16:23:00+00:00,2022-01-19 19:04:00+00:00,short,161,1.0,103653.00470030613,0.30849430501515185,343.8146934130142,45.63487398297842,6.0,337.8146934130142,0.32590921448900023,103990.81939371915
2022-01-20 14:43:00+00:00,2022-01-20 16:44:00+00:00,short,121,1.0,103990.81939371915,0.6259768261011944,634.4176422691613,45.548405318635034,6.0,628.4176422691613,0.604301077665243,104619.23703598832
2022-01-21 15:14:00+00:00,2022-01-25 18:54:00+00:00,long,1002,0.9104592895745535,95251.55622761774,0.32887522245838363,-880.198227283752,41.08018921303135,6.0,-886.198227283752,-0.9303766388509703,103733.03880870457
2022-01-28 14:32:00+00:00,2022-02-03 18:14:00+00:00,short,1784,1.0,103733.03880870457,0.4344161391487634,621.558802766092,46.8395847857104,6.0,615.558802766092,0.5934067003486245,104348.59761147066
2022-02-09 14:39:00+00:00,2022-02-10 14:36:00+00:00,short,386,1.0,104348.59761147066,0.4140495907798422,334.42684351928324,45.04986784166573,6.0,328.42684351928324,0.3147400645882571,104677.02445498994
2022-02-11 18:46:00+00:00,2022-02-15 14:35:00+00:00,long,531,1.0,104677.02445498994,0.5548638742560258,-253.97142114829524,45.928119117023606,6.0,-259.97142114829524,-0.24835576144990662,104417.05303384164
2022-02-15 14:58:00+00:00,2022-02-15 16:07:00+00:00,long,69,1.0,104417.05303384164,0.3095175551879192,234.0473585845757,46.08405552485307,6.0,228.0473585845757,0.2184004929833304,104645.10039242622
2022-02-16 14:52:00+00:00,2022-02-16 16:14:00+00:00,long,82,0.7630984135924982,79854.51009968815,0.8831766215148373,-72.01745514805998,34.77729792955416,6.0,-78.01745514805998,-0.09769949756208529,104567.08293727816
2022-02-16 17:29:00+00:00,2022-02-16 19:19:00+00:00,long,109,0.6971367732380835,72897.55878581316,0.6399734948189327,194.89035445339528,31.688198328392588,6.0,188.89035445339528,0.2591175309565454,104755.97329173156
2022-02-17 18:38:00+00:00,2022-02-17 19:54:00+00:00,long,76,0.9713427514283844,101753.95532574889,0.5764993043249107,206.2983621376157,44.345120563582874,6.0,200.2983621376157,0.19684577518032867,104956.27165386917
2022-02-18 14:34:00+00:00,2022-02-18 14:53:00+00:00,long,19,1.0,104956.27165386917,0.6267460552775304,-68.6173255658797,45.92400186539018,6.0,-74.6173255658797,-0.07109372731146262,104881.6543283033
2022-02-18 15:32:00+00:00,2022-02-25 15:44:00+00:00,long,1572,1.0,104881.6543283033,0.6336584668789483,-652.5147537272569,45.33915293698311,6.0,-658.5147537272569,-0.6278645755014092,104223.13957457604
2022-03-04 15:08:00+00:00,2022-03-07 14:34:00+00:00,long,356,1.0,104223.13957457604,0.5692664254114557,-172.61244416671832,45.5717963879037,6.0,-178.61244416671832,-0.1713750371518156,104044.52713040932
2022-03-07 14:55:00+00:00,2022-03-08 14:43:00+00:00,long,379,1.0,104044.52713040932,0.6753488615348009,187.567172252516,45.15763906791207,6.0,181.567172252516,0.17450910418857485,104226.09430266183
2022-03-10 15:46:00+00:00,2022-03-11 14:35:00+00:00,short,320,1.0,104226.09430266183,0.6725877234490915,751.8331322512431,46.169576754307776,6.0,745.8331322512431,0.7155915581806419,104971.92743491307
2022-03-15 16:57:00+00:00,2022-03-16 16:48:00+00:00,short,382,0.7992045460229369,83894.04161077237,0.6626420953546132,277.7041253584423,37.42024366769202,6.0,271.7041253584423,0.32386581948098,105243.63156027152
2022-03-16 16:57:00+00:00,2022-03-23 16:49:00+00:00,short,1933,0.6510247418860328,68516.2080716745,0.5687247369187524,-932.8171094676245,30.176312347680724,6.0,-938.8171094676245,-1.3702117147019173,104304.8144508039
2022-03-25 13:51:00+00:00,2022-03-25 15:11:00+00:00,short,80,1.0,104304.8144508039,0.3487164963000361,341.4821639676492,45.771067887610414,6.0,335.4821639676492,0.32163631730142406,104640.29661477155
2022-03-28 13:37:00+00:00,2022-03-30 17:49:00+00:00,short,1026,1.0,104640.29661477155,0.38821322435525013,158.32258882441602,46.403661043138015,6.0,152.32258882441602,0.14556781063530874,104792.61920359597
2022-04-04 14:52:00+00:00,2022-04-06 13:32:00+00:00,short,689,1.0,104792.61920359597,0.44613255595733814,262.0944427320485,45.20431052749882,6.0,256.0944427320485,0.24438213748097687,105048.71364632802
2022-04-06 18:15:00+00:00,2022-04-14 15:25:00+00:00,long,2147,0.6158858717667149,64698.018582040735,0.5711961065538704,-1213.4667702140648,28.325702639707217,6.0,-1219.4667702140648,-1.8848595319309696,103829.24687611396
2022-04-20 13:35:00+00:00,2022-04-21 17:05:00+00:00,short,599,1.0,103829.24687611396,0.48634644714893394,304.8213343531737,45.332078809942786,6.0,298.8213343531737,0.2878007337467435,104128.06821046713
2022-04-22 15:04:00+00:00,2022-04-27 18:39:00+00:00,long,1376,0.6417641363175868,66825.6597615092,0.5407461457695183,-133.0525252240085,29.60568694930382,6.0,-139.0525252240085,-0.2080825325485243,103989.01568524312
2022-04-28 13:32:00+00:00,2022-04-28 19:52:00+00:00,short,380,1.0,103989.01568524312,0.6058255645820986,1095.328387602043,45.17317903097421,6.0,1089.328387602043,1.0475417816236021,105078.34407284517
2022-05-04 13:56:00+00:00,2022-05-04 18:51:00+00:00,long,295,0.9271161411263518,97419.82887276328,0.5124400733742719,556.4887561037302,42.90863912608215,6.0,550.4887561037302,0.5650684901353141,105628.8328289489
2022-05-09 13:54:00+00:00,2022-05-09 14:09:00+00:00,short,15,1.0,105628.8328289489,0.9626713274953445,-282.01259823856054,46.07911895248581,6.0,-288.01259823856054,-0.27266475499635273,105340.82023071033
2022-05-09 14:10:00+00:00,2022-05-09 14:17:00+00:00,short,7,1.0,105340.82023071033,0.9070576918708356,-225.89696289123705,46.13901168813186,6.0,-231.89696289123705,-0.22013969739684203,105108.9232678191
2022-05-09 14:20:00+00:00,2022-05-09 14:25:00+00:00,short,5,1.0,105108.9232678191,0.8082159925048849,-134.5431992827494,46.092890033314355,6.0,-140.5431992827494,-0.13371195795112775,104968.38006853635
2022-05-09 14:26:00+00:00,2022-05-09 14:29:00+00:00,short,3,1.0,104968.38006853635,0.8459181366125093,-21.058455606765875,46.01084659454001,6.0,-27.058455606765875,-0.025777720480299655,104941.32161292959
2022-05-09 14:30:00+00:00,2022-05-09 14:49:00+00:00,short,19,1.0,104941.32161292959,0.8616165187641481,-117.10162514197981,45.98962084130147,6.0,-123.10162514197981,-0.11730519803822705,104818.21998778761
2022-05-09 14:50:00+00:00,2022-05-09 15:05:00+00:00,short,15,1.0,104818.21998778761,0.8301800299555371,-129.82276659449875,45.9444628214312,6.0,-135.82276659449875,-0.12957934852387637,104682.39722119311
2022-05-09 15:06:00+00:00,2022-05-09 15:20:00+00:00,short,14,1.0,104682.39722119311,0.856119910355317,-110.1003842117488,45.93056153308535,6.0,-116.1003842117488,-0.11090726549414949,104566.29683698136
2022-05-09 19:45:00+00:00,2022-05-09 19:54:00+00:00,long,9,1.0,104566.29683698136,0.8793484620358785,37.877288502208756,45.80506987263358,6.0,31.877288502208756,0.0304852418670859,104598.17412548357
2022-05-10 13:32:00+00:00,2022-05-10 13:40:00+00:00,short,8,1.0,104598.17412548357,0.7569516132959472,286.20399821083095,45.81257018142249,6.0,280.20399821083095,0.2678861276055143,104878.37812369439
2022-05-10 16:14:00+00:00,2022-05-10 16:15:00+00:00,long,1,1.0,104878.37812369439,0.8715578881591728,1.7543318092368914,46.074435952942224,6.0,-4.245668190763109,-0.004048182539355951,104874.13245550363
2022-05-10 17:18:00+00:00,2022-05-10 17:41:00+00:00,long,23,1.0,104874.13245550363,0.7651121482182041,-248.1239866924152,46.339620616229396,6.0,-254.1239866924152,-0.24231331477305504,104620.00846881121
2022-05-10 19:54:00+00:00,2022-05-11 13:46:00+00:00,short,23,1.0,104620.00846881121,0.8180471315420161,-310.44721893536723,45.838678515518865,6.0,-316.44721893536723,-0.3024729433373205,104303.56124987584
2022-05-11 13:52:00+00:00,2022-05-11 13:54:00+00:00,short,2,1.0,104303.56124987584,0.8957469260114539,-97.2931804742777,45.78407703505377,6.0,-103.2931804742777,-0.0990313074994845,104200.26806940156
2022-05-11 13:59:00+00:00,2022-05-11 14:00:00+00:00,short,1,1.0,104200.26806940156,0.7101148880395464,-271.9370044940244,45.6943111353054,6.0,-277.9370044940244,-0.26673348317003104,103922.33106490753
2022-05-11 15:25:00+00:00,2022-05-11 18:03:00+00:00,short,157,0.8068258060664178,83847.21852974515,0.6885551812284593,-157.6178036447658,36.77020992538418,6.0,-163.6178036447658,-0.19513802188527182,103758.71326126276
2022-05-11 18:25:00+00:00,2022-05-12 13:33:00+00:00,short,99,0.8076483295652489,83800.55144329851,0.7502702187502495,-343.5497130034554,36.451992368968774,6.0,-349.5497130034554,-0.4171210176820486,103409.16354825931
2022-05-17 13:32:00+00:00,2022-05-18 17:06:00+00:00,short,599,1.0,103409.16354825931,0.5621020127095051,258.4677415355319,45.3980908732008,6.0,252.4677415355319,0.244144457679236,103661.63128979484
2022-05-19 13:40:00+00:00,2022-05-19 19:03:00+00:00,long,323,1.0,103661.63128979484,0.5706422326326824,-80.87044693811322,46.15328877033469,6.0,-86.87044693811322,-0.0838019292743518,103574.76084285672
2022-05-20 16:14:00+00:00,2022-05-23 13:33:00+00:00,long,230,0.8047218870193317,83348.87699303964,0.8221691401556499,-268.4565576247362,36.99612437609233,6.0,-274.4565576247362,-0.329286449351508,103300.30428523198
2022-05-26 14:15:00+00:00,2022-05-26 16:18:00+00:00,short,122,0.8037075195195376,83023.23132269725,0.6015813124714061,291.62891325723456,36.44647279293447,6.0,285.62891325723456,0.3440349269797068,103585.9331984892
2022-05-26 19:47:00+00:00,2022-05-31 18:50:00+00:00,short,718,0.6526928953609488,67609.80265798775,0.6196437214225391,189.00888318103387,29.82451753514338,6.0,183.00888318103387,0.2706839481647449,103768.94208167023
2022-06-06 13:36:00+00:00,2022-06-06 13:50:00+00:00,short,14,1.0,103768.94208167023,0.6882325965574948,30.998688142320873,45.13009585971419,6.0,24.998688142320873,0.02409072275464264,103793.94076981256
2022-06-09 13:45:00+00:00,2022-06-09 14:22:00+00:00,long,37,0.8293179976508982,86078.18312751688,0.6349544141593063,130.0619707324488,37.58458793707196,6.0,124.0619707324488,0.1441270786915454,103918.00274054501
2022-06-09 15:07:00+00:00,2022-06-09 15:10:00+00:00,long,3,0.8469573027180096,88014.11130497474,0.7456686126726597,-87.84718875096928,38.47165062777016,6.0,-93.84718875096928,-0.10662743435059244,103824.15555179404
2022-06-09 15:15:00+00:00,2022-06-09 15:48:00+00:00,long,33,0.8487565315101456,88121.43015311054,0.7374681366933906,-88.15505292530221,38.57455287430355,6.0,-94.15505292530221,-0.10684694150073173,103730.00049886874
2022-06-09 17:31:00+00:00,2022-06-13 19:20:00+00:00,long,885,0.8197159307248879,85029.13390302328,0.7728853584337984,1533.1862900076867,35.554745185163384,6.0,1527.1862900076867,1.7960741453034914,105257.18678887642
2022-06-21 13:31:00+00:00,2022-06-28 14:00:00+00:00,short,1962,1.0,105257.18678887642,0.7493075793062193,654.6559200268925,47.47576218881302,6.0,648.6559200268925,0.616258081576851,105905.84270890332
2022-06-30 15:49:00+00:00,2022-06-30 16:08:00+00:00,short,19,1.0,105905.84270890332,0.8211556775704733,-31.90152580012429,46.51895818594169,6.0,-37.90152580012429,-0.035787946000582625,105867.94118310319
2022-07-01 19:46:00+00:00,2022-07-05 13:46:00+00:00,short,31,0.9186000001329994,97250.29078487896,0.7637921701388591,-359.49428408410245,42.34757126808469,6.0,-365.49428408410245,-0.37582847427427085,105502.4468990191
2022-07-05 18:07:00+00:00,2022-07-13 13:31:00+00:00,short,1996,1.0,105502.4468990191,0.7643909599360668,-722.4538911157704,46.43980854290119,6.0,-728.4538911157704,-0.6904616077890636,104773.99300790332
2022-07-14 13:45:00+00:00,2022-07-14 18:09:00+00:00,long,262,1.0,104773.99300790332,0.5744207734668753,121.24621898701912,46.77513801200565,6.0,115.24621898701912,0.10999506239904959,104889.23922689033
2022-07-21 13:55:00+00:00,2022-07-22 15:26:00+00:00,short,471,1.0,104889.23922689033,0.5652685866946977,475.9342206752814,45.83597388016173,6.0,469.9342206752814,0.4480290105439194,105359.17344756561
2022-07-27 13:31:00+00:00,2022-07-27 13:50:00+00:00,long,19,1.0,105359.17344756561,0.4986329147584275,584.5318670582876,46.583959978052846,6.0,578.5318670582876,0.5491044093528383,105937.7053146239
2022-07-27 13:52:00+00:00,2022-07-27 13:53:00+00:00,long,1,1.0,105937.7053146239,0.553853768874124,-207.9426630718917,46.37380103123338,6.0,-213.9426630718917,-0.20195138495449225,105723.76265155201
2022-07-27 13:54:00+00:00,2022-07-27 13:56:00+00:00,long,2,1.0,105723.76265155201,0.5069444038171393,-9.420458934533627,46.427560242881285,6.0,-15.420458934533627,-0.014585613061613123,105708.34219261748
2022-07-27 14:43:00+00:00,2022-07-27 15:01:00+00:00,long,18,1.0,105708.34219261748,0.5862933794483146,24.281978646837473,46.36466599376041,6.0,18.281978646837473,0.01729473593817675,105726.62417126431
2022-07-27 15:40:00+00:00,2022-08-01 16:08:00+00:00,long,1198,0.9164222433406499,96890.23010386383,0.5584476653123713,-919.4834366246855,42.55499015495688,6.0,-925.4834366246855,-0.9551875721964859,104801.14073463963
2022-08-02 13:47:00+00:00,2022-08-04 13:31:00+00:00,long,764,1.0,104801.14073463963,0.974453476715337,-313.8006065345635,46.10074424590344,6.0,-319.8006065345635,-0.30514992899200444,104481.34012810506
2022-08-11 14:22:00+00:00,2022-08-11 16:18:00+00:00,long,115,0.569287204462257,59479.89003999916,0.44694672908621264,180.4071387038715,26.10180029042929,6.0,174.4071387038715,0.2932203448704862,104655.74726680893
2022-08-12 14:06:00+00:00,2022-08-15 13:43:00+00:00,long,365,0.658337948976101,68898.85000419218,0.48838559119961683,-41.720874325452485,30.388009022757608,6.0,-47.720874325452485,-0.06926222182597952,104608.02639248347
2022-08-16 18:09:00+00:00,2022-08-17 16:48:00+00:00,short,308,0.7611905310306464,79626.63915976236,0.7608492963246467,-32.368409023997515,34.544105257683675,6.0,-38.368409023997515,-0.04818539301528901,104569.65798345947
2022-08-22 17:47:00+00:00,2022-08-22 18:24:00+00:00,short,37,0.5301598318521792,55438.63229335076,0.9399666855355514,-47.06710266708306,24.14290119035615,6.0,-53.06710266708306,-0.09572224362657637,104516.59088079238
2022-08-22 18:35:00+00:00,2022-08-22 18:40:00+00:00,short,5,0.5520401699394892,57697.3565913287,1.0063411916254297,-8.493186316447355,25.16170585951942,6.0,-14.493186316447355,-0.025119324649659124,104502.09769447593
2022-08-22 18:43:00+00:00,2022-08-22 18:48:00+00:00,short,5,0.5627645835051206,58810.07948444317,0.9965447079332712,-67.01662001755237,25.64079830738838,6.0,-73.01662001755237,-0.1241566422926995,104429.08107445837
2022-08-22 18:51:00+00:00,2022-08-22 18:56:00+00:00,short,5,0.5765016275402894,60203.53520196209,0.9531164632681723,-16.66992147461477,26.259142099503343,6.0,-22.66992147461477,-0.037655465577835265,104406.41115298375
2022-08-22 18:59:00+00:00,2022-08-22 19:36:00+00:00,short,37,0.5864183057348233,61225.83073618609,1.0162615201076521,74.01206131335769,26.73275335360592,6.0,68.01206131335769,0.11108393384879098,104474.42321429712
2022-08-23 13:32:00+00:00,2022-08-23 13:37:00+00:00,short,5,0.7377547462915318,77076.50159241789,1.036872402445887,-39.33767662510394,33.623028172174344,6.0,-45.33767662510394,-0.058821658596871065,104429.08553767201
2022-08-23 13:40:00+00:00,2022-08-23 13:45:00+00:00,short,5,0.7825199318696758,81717.84090015166,0.968542579938673,36.69705894140059,35.68713318868715,6.0,30.69705894140059,0.03756469652558286,104459.78259661341
2022-08-23 13:46:00+00:00,2022-08-23 13:51:00+00:00,short,5,0.7964809834852724,83200.2303772084,1.0317613506472332,29.353919063802092,36.29336311135707,6.0,23.353919063802092,0.028069536536042557,104483.13651567721
2022-08-24 14:08:00+00:00,2022-08-24 15:40:00+00:00,short,2,1.0,104483.13651567721,0.8853603616986254,28.296708859103887,45.7646019126404,6.0,22.296708859103887,0.02134000720370638,104505.43322453632
2022-08-24 15:42:00+00:00,2022-08-24 15:58:00+00:00,short,16,1.0,104505.43322453632,0.9534576730093312,-18.186890849420536,45.66305042192644,6.0,-24.186890849420536,-0.02314414677125305,104481.2463336869
2022-08-24 16:04:00+00:00,2022-08-24 16:09:00+00:00,short,5,1.0,104481.2463336869,0.8168287503365412,-97.1569612811467,45.670596572349496,6.0,-103.1569612811467,-0.09873251411233097,104378.08937240575
2022-08-24 16:15:00+00:00,2022-08-24 19:46:00+00:00,short,205,1.0,104378.08937240575,0.7636860868163489,0.5074781247964211,45.604358816405906,6.0,-5.492521875203579,-0.005262140654450059,104372.59685053055
2022-08-25 13:32:00+00:00,2022-08-26 13:31:00+00:00,short,379,0.999609703106875,104331.8605502524,0.7299111564528632,404.10241972555673,46.023543658056155,6.0,398.10241972555673,0.38157320077102147,104770.69927025611
2022-08-26 17:13:00+00:00,2022-08-26 17:14:00+00:00,long,1,0.6013787206103907,63006.86908460261,0.9157794057403087,-36.27384539013716,27.564714427543358,6.0,-42.27384539013716,-0.06709402642015724,104728.42542486597
2022-08-26 17:19:00+00:00,2022-08-26 17:20:00+00:00,long,1,0.5996011669078514,62795.286093171526,0.8725807896587006,-21.16972609919167,27.484279702584892,6.0,-27.16972609919167,-0.04326714278979319,104701.25569876678
2022-08-26 17:21:00+00:00,2022-08-26 17:22:00+00:00,long,1,0.5986265990647675,62676.95661676336,0.8936889462834974,-19.78042405628389,27.42187658258852,6.0,-25.78042405628389,-0.04113222059251797,104675.4752747105
2022-08-26 17:23:00+00:00,2022-08-26 17:24:00+00:00,long,1,0.5958299573099499,62368.78396432947,0.9362863514353524,-20.81001818077985,27.278588703184784,6.0,-26.81001818077985,-0.04298627691075921,104648.66525652971
2022-08-26 17:29:00+00:00,2022-08-26 17:30:00+00:00,long,1,0.594457063408561,62209.138238022155,0.8724744887751658,9.050472118453193,27.21324457976358,6.0,3.050472118453193,0.004903575591710653,104651.71572864817
2022-08-26 17:41:00+00:00,2022-08-26 17:42:00+00:00,long,1,0.5900389853948281,61748.592168359544,0.9639988716108402,-17.757952090318984,26.999870379483028,6.0,-23.757952090318984,-0.03847529353469655,104627.95777655784
2022-08-26 17:57:00+00:00,2022-08-26 17:58:00+00:00,long,1,0.5855357141043351,61263.40597197502,0.9626261562746679,-26.8718610240285,26.78500485506065,6.0,-32.871861024028505,-0.05365660054725941,104595.08591553381
2022-08-26 18:03:00+00:00,2022-08-26 18:04:00+00:00,long,1,0.5839200189181883,61075.16454654804,0.919890263792497,-33.39064827853028,26.71858243786447,6.0,-39.39064827853028,-0.06449536169240928,104555.69526725529
2022-08-26 18:13:00+00:00,2022-08-26 18:14:00+00:00,long,1,0.5816337217024676,60813.11816348277,0.9583830144791626,-24.134204329832123,26.5960309710567,6.0,-30.134204329832123,-0.0495521447343366,104525.56106292545
2022-08-26 18:17:00+00:00,2022-08-26 18:21:00+00:00,long,3,0.582585987917352,60895.127254459934,0.82899465882228,-5.1279227945660075,26.68008711008754,6.0,-11.127922794566008,-0.01827391335938296,104514.43314013089
2022-08-26 18:22:00+00:00,2022-08-26 18:23:00+00:00,long,1,0.5807797272234012,60699.86397003362,0.9326637331522616,-18.79326292293343,26.552314531398874,6.0,-24.79326292293343,-0.04084566472039113,104489.63987720796
2022-08-26 18:28:00+00:00,2022-08-26 18:29:00+00:00,long,1,0.5819463750177917,60807.36715345566,0.8734521060944833,-29.530192319755788,26.615649280073455,6.0,-35.530192319755784,-0.058430736246301386,104454.1096848882
2022-08-26 18:30:00+00:00,2022-08-26 18:31:00+00:00,long,1,0.5795887118310619,60540.4228777248,0.9250837520350411,-21.084470623793575,26.477449605890627,6.0,-27.084470623793575,-0.04473782860502452,104427.0252142644
2022-08-26 18:36:00+00:00,2022-08-26 18:37:00+00:00,long,1,0.578829713425493,60445.4650786494,0.9080481469954611,-3.2223827461530856,26.441065310310368,6.0,-9.222382746153086,-0.015257360885805515,104417.80283151825
2022-08-26 19:33:00+00:00,2022-08-26 19:34:00+00:00,long,1,0.5630214173462631,58789.45934638405,0.8932658120991764,-3.8065084648972087,25.73488133006559,6.0,-9.80650846489721,-0.016680725718394237,104407.99632305335
2022-08-29 13:32:00+00:00,2022-08-29 13:33:00+00:00,long,1,0.5528373245777733,57720.63735176281,0.953901536853289,-30.963744043238393,25.291323855305816,6.0,-36.96374404323839,-0.06403904346719676,104371.0325790101
2022-08-29 13:34:00+00:00,2022-08-29 13:41:00+00:00,long,7,0.5520100536944802,57613.85929808771,0.9555348999594994,-47.15180697862479,25.223690209399983,6.0,-53.15180697862479,-0.09225524487714534,104317.88077203148
2022-08-29 15:55:00+00:00,2022-08-29 15:58:00+00:00,short,3,0.5827976317112122,60796.21385907255,0.8401887198389093,49.03340261222765,26.6708037883529,6.0,43.03340261222765,0.07078303052223016,104360.91417464371
2022-08-30 14:16:00+00:00,2022-08-30 14:17:00+00:00,short,1,0.6785995713565881,70819.2716252949,0.5767135165513763,-31.941162466097403,31.17651994888734,6.0,-37.9411624660974,-0.053574629610488325,104322.97301217761
2022-08-30 14:18:00+00:00,2022-08-30 14:23:00+00:00,short,5,0.6786667767333595,70800.53583341584,0.7508583323257132,-8.394962758695524,31.083603974937674,6.0,-14.394962758695524,-0.02033171442736668,104308.57804941891
2022-08-30 14:26:00+00:00,2022-08-30 14:31:00+00:00,short,5,0.6784932366602646,70772.66473218007,0.7596350348379843,-41.15609383979027,31.01518390964023,6.0,-47.15609383979027,-0.06663037772880208,104261.42195557912
2022-08-30 14:34:00+00:00,2022-08-30 14:35:00+00:00,short,1,0.6767126537227229,70555.02353246452,0.7086385170708106,-61.42533489865452,30.997086194374234,6.0,-67.42533489865451,-0.09556418738579268,104193.99662068047
2022-08-30 14:42:00+00:00,2022-08-30 14:45:00+00:00,short,3,0.6749275434170628,70323.39817800162,0.7551234899035884,-49.30333799471368,30.856678631143755,6.0,-55.30333799471368,-0.0786414471250815,104138.69328268575
2022-08-31 17:39:00+00:00,2022-09-01 13:35:00+00:00,long,145,1.0,104138.69328268575,0.8291338524697148,337.4373553897007,45.58264222808715,6.0,331.4373553897007,0.31826532957352366,104470.13063807545
2022-09-01 14:58:00+00:00,2022-09-01 15:29:00+00:00,long,31,1.0,104470.13063807545,0.6583560968584117,141.5735564224124,46.011011942314624,6.0,135.5735564224124,0.12977255373795896,104605.70419449787
2022-09-02 16:35:00+00:00,2022-09-07 15:23:00+00:00,long,707,0.8525051870396343,89176.90541974307,0.7917992449087262,105.77531786844588,39.079311685840196,6.0,99.77531786844588,0.11188470534923543,104705.47951236632
2022-09-07 20:00:00+00:00,2022-09-08 13:30:00+00:00,long,1,0.5095699479842503,53354.76574878249,0.46949365775537827,-159.87084454245212,23.39790736126745,6.0,-165.87084454245212,-0.3108829028009314,104539.60866782386
2022-09-08 13:31:00+00:00,2022-09-09 13:31:00+00:00,long,357,0.5090883661127085,53219.89857076439,0.5822878689434295,105.16188408646542,23.7136124778809,6.0,99.16188408646542,0.1863248272722914,104638.77055191033
2022-09-12 13:40:00+00:00,2022-09-12 13:42:00+00:00,short,2,0.8304130981045648,86893.40563586456,0.810948981499042,-12.22887837988204,38.041829283031234,6.0,-18.22887837988204,-0.020978437024636788,104620.54167353045
2022-09-14 13:37:00+00:00,2022-09-14 13:47:00+00:00,short,10,0.8741512315616681,91454.17535056546,0.9966287419345248,235.55734451131804,40.18518236076927,6.0,229.55734451131804,0.251008052537099,104850.09901804176
2022-09-15 13:35:00+00:00,2022-09-15 17:27:00+00:00,short,227,1.0,104850.09901804176,1.0641253980875653,-374.0491222361404,45.755929633701584,6.0,-380.0491222361404,-0.36246901604808657,104470.04989580561
2022-09-15 17:54:00+00:00,2022-09-15 18:03:00+00:00,short,9,1.0,104470.04989580561,0.7978616043591628,-96.31240730932741,45.88404961438229,6.0,-102.31240730932741,-0.09793467832299291,104367.73748849629
2022-09-15 18:04:00+00:00,2022-09-15 18:19:00+00:00,short,15,1.0,104367.73748849629,0.8905697088921948,14.313714216353006,45.8914044399186,6.0,8.313714216353006,0.007965789444529605,104376.05120271264
2022-09-16 13:31:00+00:00,2022-09-16 13:37:00+00:00,long,6,0.8852226288572523,92396.04243540445,0.819569641553142,180.31005939257736,40.761880213058745,6.0,174.31005939257736,0.18865533068090046,104550.36126210522
2022-09-16 13:39:00+00:00,2022-09-16 13:48:00+00:00,long,9,0.878967293498624,91896.34807285601,0.8903977063133603,10.695190322874566,40.40002624663065,6.0,4.695190322874566,0.005109224056599278,104555.05645242809
2022-09-16 13:49:00+00:00,2022-09-16 13:51:00+00:00,long,2,0.8377794510156297,87594.07779562338,0.6833764278709104,-72.90602076027672,38.68012499499851,6.0,-78.90602076027672,-0.09008145612809824,104476.15043166782
2022-09-16 13:52:00+00:00,2022-09-16 14:01:00+00:00,long,9,0.8383612694849034,87588.75810678877,0.8385364397906447,-191.78528191822454,38.64983855508942,6.0,-197.78528191822454,-0.22581126413173191,104278.36514974959
2022-09-16 14:02:00+00:00,2022-09-16 14:22:00+00:00,long,20,0.8187893096083632,85382.01060805227,0.792831328256932,-93.7569579021822,37.75755211473772,6.0,-99.7569579021822,-0.11683603746475169,104178.60819184741
2022-09-16 14:23:00+00:00,2022-09-16 14:26:00+00:00,long,3,0.7634357911295001,79533.67816371325,0.6689135784203175,-21.118149332540156,35.14764796656063,6.0,-27.118149332540156,-0.034096435571255454,104151.49004251487
2022-09-16 14:28:00+00:00,2022-09-16 14:33:00+00:00,long,5,0.7558400866348123,78721.87125687923,0.8373545889160727,-19.01085018071813,34.68989380528624,6.0,-25.01085018071813,-0.03177115810561035,104126.47919233415
2022-09-16 15:00:00+00:00,2022-09-16 19:17:00+00:00,long,250,0.7735995642549518,80552.19893059201,0.8501320265539556,-73.73270324198067,35.486786378077106,6.0,-79.73270324198067,-0.0989826526159547,104046.74648909217
2022-09-16 20:00:00+00:00,2022-09-19 14:06:00+00:00,long,37,0.9570064908134006,99573.4117380776,0.916259828042691,124.51567493752219,43.68962175110394,6.0,118.51567493752219,0.11902341485422953,104165.26216402969
2022-09-19 15:28:00+00:00,2022-09-19 15:30:00+00:00,long,2,0.832949770041385,86764.43116582911,0.9049101070542339,8.055218776481063,38.17088367368787,6.0,2.0552187764810625,0.002368734225379766,104167.31738280617
2022-09-19 15:32:00+00:00,2022-09-19 15:33:00+00:00,long,1,0.8228175672013728,85710.69867081384,0.9633084076949043,-41.38997726940869,37.708471294836606,6.0,-47.38997726940869,-0.055290620662675684,104119.92740553676
2022-09-19 15:36:00+00:00,2022-09-19 15:37:00+00:00,long,1,0.8119593187162211,84541.14532098202,0.9849302390361517,-42.31682137936919,37.17941566703409,6.0,-48.31682137936919,-0.057151841503828765,104071.61058415739
2022-09-19 15:40:00+00:00,2022-09-19 15:42:00+00:00,long,2,0.8057743436912435,83858.23371534009,0.901037864815201,-58.60586186758795,36.92385412944933,6.0,-64.60586186758795,-0.07704176322970856,104007.0047222898
2022-09-19 15:44:00+00:00,2022-09-19 15:46:00+00:00,long,2,0.7993630808790139,83139.35972780772,0.904680910377695,-40.195920479299616,36.60393654524975,6.0,-46.195920479299616,-0.055564440994664545,103960.8088018105
2022-09-19 15:48:00+00:00,2022-09-19 15:50:00+00:00,long,2,0.7929494276412201,82435.66383651395,0.8776741537710793,-31.37782043663109,36.292236956007,6.0,-37.37782043663109,-0.04534180801983789,103923.43098137388
2022-09-19 15:56:00+00:00,2022-09-19 16:00:00+00:00,long,3,0.7816878673724263,81235.68513385569,0.8675091713557743,-45.26006294369233,35.80701517231054,6.0,-51.26006294369233,-0.06310042545862551,103872.17091843019
2022-09-20 13:40:00+00:00,2022-09-20 13:42:00+00:00,long,2,0.9562562408197839,99328.41168824813,0.8257016090138537,24.49099909231244,43.77668622687547,6.0,18.49099909231244,0.01861602212099015,103890.6619175225
2022-09-20 13:45:00+00:00,2022-09-20 13:51:00+00:00,long,6,0.9539073568235358,99102.06670839146,0.742934945708494,24.382198631550757,43.726587979236434,6.0,18.382198631550757,0.018548754069519568,103909.04411615405
2022-09-20 14:01:00+00:00,2022-09-20 14:11:00+00:00,long,10,0.9981217922599376,103713.8813452326,0.8345709799544269,-14.477083940281418,45.73084191502009,6.0,-20.477083940281418,-0.019743821824697996,103888.56703221377
2022-09-20 14:13:00+00:00,2022-09-20 14:22:00+00:00,long,9,1.0,103888.56703221377,0.8846735188958983,-62.10210394967994,45.800276854647464,6.0,-68.10210394967994,-0.06555303042014511,103820.46492826409
2022-09-20 17:31:00+00:00,2022-09-20 19:14:00+00:00,long,103,1.0,103820.46492826409,0.9412107353217624,-56.59501613009209,45.752116937469495,6.0,-62.59501613009209,-0.06029159681893431,103757.869912134
2022-09-21 13:34:00+00:00,2022-09-21 13:42:00+00:00,long,8,1.0,103757.869912134,1.0774268698221725,106.41054000401722,45.54199839925707,6.0,100.41054000401722,0.09677390263413135,103858.28045213802
2022-09-21 18:01:00+00:00,2022-09-21 18:02:00+00:00,long,1,1.0,103858.28045213802,1.185846940022821,-24.65582870823247,45.57914499457666,6.0,-30.65582870823247,-0.029516980807668854,103827.62462342979
2022-09-21 18:24:00+00:00,2022-09-21 18:49:00+00:00,long,25,1.0,103827.62462342979,1.056854277192639,-325.59512026952,45.88732191839467,6.0,-331.59512026952,-0.31937080470845336,103496.02950316027
2022-09-22 13:31:00+00:00,2022-09-22 13:41:00+00:00,short,10,0.8422597954262113,87170.54463675691,1.1348897457981029,-328.37488850116904,38.29240295033921,6.0,-334.37488850116904,-0.3835870131298621,103161.6546146591
2022-09-22 13:42:00+00:00,2022-09-22 13:49:00+00:00,short,7,0.8267488278205682,85288.77702869973,0.9733478922592509,38.1963980125038,37.64946549968401,6.0,32.1963980125038,0.03774986479366411,103193.8510126716
2022-09-22 13:50:00+00:00,2022-09-22 14:03:00+00:00,short,13,0.8212904798039907,84752.12741101859,1.0033063197920697,28.744806248377863,37.36910710948402,6.0,22.744806248377863,0.026836855832625177,103216.59581891997
2022-09-22 14:04:00+00:00,2022-09-22 14:05:00+00:00,short,1,0.8080247523800655,83401.56427809612,0.9410404379279254,-92.92926830647647,36.818279942841585,6.0,-98.92926830647647,-0.11861800094852468,103117.6665506135
2022-09-22 14:06:00+00:00,2022-09-22 14:13:00+00:00,short,7,0.809569657780402,83480.93402049378,0.9661821012659848,60.72355439931488,36.87382642785671,6.0,54.72355439931488,0.0655521587550527,103172.39010501282
2022-09-22 14:14:00+00:00,2022-09-26 13:38:00+00:00,short,741,0.8084713234876598,83411.91877558485,0.9417649783610966,-880.334707474118,36.44288044905179,6.0,-886.334707474118,-1.0625995906637185,102286.0553975387
2022-09-28 18:45:00+00:00,2022-09-29 13:38:00+00:00,long,84,1.0,102286.0553975387,0.9416741534289937,229.3796452874912,45.38829875552887,6.0,223.3796452874912,0.21838719307271906,102509.4350428262
2022-10-04 13:49:00+00:00,2022-10-04 14:00:00+00:00,long,11,1.0,102509.4350428262,0.7186303032973047,-39.06376151208053,45.61302431131901,6.0,-45.06376151208053,-0.04396059883975936,102464.37128131412
2022-10-04 15:00:00+00:00,2022-10-04 16:31:00+00:00,long,91,1.0,102464.37128131412,0.7314530768922488,191.22054937045493,45.38122077903083,6.0,185.22054937045493,0.1807658086945512,102649.59183068457
2022-10-11 13:31:00+00:00,2022-10-11 13:38:00+00:00,long,7,0.7399874628487453,75959.41102124756,0.5124079768720863,-31.641048054602606,33.79961908982975,6.0,-37.64104805460261,-0.049554159976403125,102611.95078262997
2022-10-11 13:53:00+00:00,2022-10-11 13:57:00+00:00,long,4,0.748857488752485,76841.72777907387,0.5966215895001957,21.673426570309203,34.20020600512876,6.0,15.673426570309203,0.020397025188412684,102627.62420920028
2022-10-11 19:06:00+00:00,2022-10-11 19:11:00+00:00,long,5,0.7137679155526105,73252.30540991752,0.6853522132556902,-33.56147503744998,32.56669565522963,6.0,-39.56147503744998,-0.05400713986551721,102588.06273416283
2022-10-11 19:14:00+00:00,2022-10-11 19:15:00+00:00,long,1,0.7197785337089342,73840.68537083587,0.7684297206803975,-8.742704064040453,32.78810302161138,6.0,-14.742704064040453,-0.019965556914864763,102573.32003009878
2022-10-11 19:16:00+00:00,2022-10-11 19:17:00+00:00,long,1,0.7173220084309574,73578.09993542181,0.8178794803637295,-60.95003342238414,32.70115595066203,6.0,-66.95003342238414,-0.09099179440777214,102506.3699966764
2022-10-11 19:18:00+00:00,2022-10-11 19:27:00+00:00,long,9,0.7223051968342944,74040.88375721835,0.6941216065333481,-1.345705480727979,32.95027309793559,6.0,-7.345705480727979,-0.009921147760492304,102499.02429119567
2022-10-11 19:32:00+00:00,2022-10-11 19:33:00+00:00,long,1,0.7410156030358117,75953.37629572267,0.798238452755924,-53.05694978712734,33.76859069590633,6.0,-59.05694978712734,-0.0777542127386023,102439.96734140854
2022-10-12 13:36:00+00:00,2022-10-12 13:37:00+00:00,short,1,0.7795579379828946,79857.8897077035,0.6819325914314907,7.55375535655088,35.538477988218915,6.0,1.5537553565508802,0.001945650407540129,102441.5210967651
2022-10-12 14:13:00+00:00,2022-10-12 14:16:00+00:00,long,3,0.7914737052668892,81079.77027563287,0.6653296137672894,-47.157103604856374,36.08113678787409,6.0,-53.157103604856374,-0.06556148768570429,102388.36399316024
2022-10-12 14:17:00+00:00,2022-10-12 14:18:00+00:00,long,1,0.7947291815607971,81371.02071763322,0.7455731138119019,-21.61827756953815,36.18338768229127,6.0,-27.61827756953815,-0.033941171348183946,102360.7457155907
2022-10-12 15:02:00+00:00,2022-10-12 15:03:00+00:00,short,1,0.8112628165915943,83041.46687764607,0.6202833576836222,-61.09089742425429,36.99281689345353,6.0,-67.09089742425428,-0.08079204275510513,102293.65481816645
2022-10-12 15:08:00+00:00,2022-10-12 15:10:00+00:00,short,2,0.8094048826276405,82796.98367165039,0.5320794249696393,-58.215298371710475,36.966935484147484,6.0,-64.21529837171047,-0.07755753352848013,102229.43951979475
2022-10-12 15:12:00+00:00,2022-10-12 15:13:00+00:00,short,1,0.80792357921485,82593.57467796061,0.5908458722723828,-30.569978692586478,36.818259449379184,6.0,-36.569978692586474,-0.04427702619141494,102192.86954110216
2022-10-12 15:16:00+00:00,2022-10-12 15:17:00+00:00,short,1,0.8102117624978229,82797.86494560646,0.612165794228976,-32.213017166327816,36.880966555876086,6.0,-38.213017166327816,-0.046152176981171696,102154.65652393583
2022-10-12 15:20:00+00:00,2022-10-12 15:21:00+00:00,short,1,0.8099958027349184,82744.84301421528,0.6196735533742468,-31.15765015729036,36.85952236148954,6.0,-37.15765015729036,-0.044906303285761034,102117.49887377855
2022-10-12 15:22:00+00:00,2022-10-12 15:23:00+00:00,short,1,0.8120925090952986,82928.85588294316,0.6153419500668629,-74.85720231889235,36.91117223979915,6.0,-80.85720231889235,-0.09750189057597151,102036.64167145966
2022-10-12 16:00:00+00:00,2022-10-12 16:02:00+00:00,short,2,0.8237420180208358,84051.86912251709,0.5352580868511794,-20.949282286345706,37.496156097560174,6.0,-26.949282286345706,-0.032062680542015595,102009.69238917332
2022-10-13 13:31:00+00:00,2022-10-13 13:37:00+00:00,long,6,0.8933809524864639,91133.51614949084,0.6173033167658133,-164.83435129600616,40.6764778806056,6.0,-170.83435129600616,-0.18745502040739662,101838.8580378773
2022-10-13 13:38:00+00:00,2022-10-13 14:02:00+00:00,long,24,0.891378943615616,90777.01369682375,0.4862891217110048,-6.8094872426041775,40.88104530894288,6.0,-12.809487242604177,-0.014110937032347403,101826.0485506347
2022-10-13 14:15:00+00:00,2022-10-13 14:17:00+00:00,short,2,0.806078992844216,82079.83866100186,0.9767420692478186,-56.34444832800086,36.40537348632276,6.0,-62.34444832800086,-0.07595586120178648,101763.7041023067
2022-10-13 14:18:00+00:00,2022-10-13 14:19:00+00:00,short,1,0.8007836783497315,81490.71329353882,0.6860035339654301,-73.16666296928598,36.24353674392929,6.0,-79.16666296928598,-0.09714807954143026,101684.53743933741
2022-10-13 15:39:00+00:00,2022-10-17 16:44:00+00:00,short,847,0.6994329202023707,71121.51296062306,0.8182110014559485,236.37567770111397,31.648551156011507,6.0,230.37567770111397,0.32391841527424076,101914.91311703852
2022-10-20 14:02:00+00:00,2022-10-20 18:32:00+00:00,short,268,1.0,101914.91311703852,0.8137888584399814,-258.6317016828059,44.78130497908522,6.0,-264.6317016828059,-0.2596594488373888,101650.28141535571
2022-10-21 14:04:00+00:00,2022-10-21 15:06:00+00:00,short,62,0.8766060233841945,89107.24896739925,0.8293067741463421,-115.71218955541536,39.166255017675226,6.0,-121.71218955541536,-0.13659067131557942,101528.5692258003
2022-10-21 19:26:00+00:00,2022-10-24 14:00:00+00:00,short,65,0.8330856322344714,84581.99228333714,0.9115463735678649,174.68835510040083,37.35192314987944,6.0,168.68835510040083,0.19943767053313172,101697.2575809007
2022-10-24 15:36:00+00:00,2022-10-24 15:41:00+00:00,long,5,0.7741578413778198,78729.7294028742,0.7558997451219318,-30.98949999679693,34.775810934139,6.0,-36.98949999679693,-0.04698288724900221,101660.2680809039
2022-10-24 17:23:00+00:00,2022-10-25 14:08:00+00:00,long,196,0.7040847326026164,71577.44266805353,0.9766043830233357,-208.27243150491756,31.74371856486694,6.0,-214.27243150491756,-0.29935748403114115,101445.99564939899
2022-10-25 18:18:00+00:00,2022-10-25 18:19:00+00:00,short,1,0.9369605099962529,95050.89182073853,0.9994730889053635,-63.437705826742615,41.79120313320004,6.0,-69.43770582674262,-0.07305318708392429,101376.55794357225
2022-10-25 18:26:00+00:00,2022-10-25 18:27:00+00:00,short,1,0.9331851823802214,94603.10171365154,0.9829195196844307,-47.104661133737224,41.590281442205026,6.0,-53.104661133737224,-0.056134164918267206,101323.45328243851
2022-10-26 13:31:00+00:00,2022-10-31 17:05:00+00:00,short,1378,0.9037091936396858,91566.93626266088,0.9509226264004395,679.9411053301028,40.90074977342151,6.0,673.9411053301028,0.7360092330673754,101997.39438776861
2022-11-02 13:40:00+00:00,2022-11-03 18:37:00+00:00,long,682,0.9970715492382377,101698.70004047597,0.504047859076393,-45.471350654444905,43.646950008798825,6.0,-51.471350654444905,-0.05061161119459675,101945.92303711416
2022-11-07 14:31:00+00:00,2022-11-08 16:14:00+00:00,long,490,1.0,101945.92303711416,0.9431208307121286,-271.6634553318727,45.05858455176306,6.0,-277.6634553318727,-0.27236347178963427,101668.25958178229
2022-11-09 16:41:00+00:00,2022-11-10 14:49:00+00:00,long,276,1.0,101668.25958178229,0.8935964392587162,-1266.3841355250945,45.47346332400173,6.0,-1272.3841355250945,-1.2515057705906576,100395.8754462572
2022-11-11 17:43:00+00:00,2022-11-11 18:06:00+00:00,long,23,1.0,100395.8754462572,0.5811493602867082,55.4939599243603,44.306037881256884,6.0,49.4939599243603,0.04929879808743224,100445.36940618156
2022-11-15 14:33:00+00:00,2022-11-18 17:37:00+00:00,short,1343,1.0,100445.36940618156,0.6052979831535811,-427.1886512065587,43.84163720528909,6.0,-433.1886512065587,-0.4312679158506829,100012.18075497501
2022-11-21 19:52:00+00:00,2022-11-22 18:04:00+00:00,long,275,0.9344742544776973,93458.80804969398,0.6910749645136169,-50.88120952394655,41.14970326339548,6.0,-56.88120952394655,-0.060862331449489104,99955.29954545107
2022-11-28 18:46:00+00:00,2022-11-29 14:32:00+00:00,short,133,1.0,99955.29954545107,0.7206600037206454,106.22854871473123,43.53450285633154,6.0,100.22854871473123,0.10027337136752404,100055.5280941658
2022-12-01 14:36:00+00:00,2022-12-01 15:11:00+00:00,short,35,0.7660961626705729,76652.15612691811,0.8666545280681618,-68.1750940816546,33.29958309920993,6.0,-74.1750940816546,-0.0967684378751694,99981.35300008414
2022-12-01 20:55:00+00:00,2022-12-01 20:58:00+00:00,long,3,0.9548607108821376,95468.26580061829,0.7627477526970745,-12.030925026819277,41.60866674421222,6.0,-18.030925026819276,-0.01888682576938828,99963.32207505732
2022-12-02 14:30:00+00:00,2022-12-02 14:41:00+00:00,long,11,0.9535391707509381,95318.94323695911,0.7854830387170941,118.79980263912958,41.517071094856874,6.0,112.79980263912958,0.11833933403847517,100076.12187769645
2022-12-02 14:44:00+00:00,2022-12-02 14:45:00+00:00,long,1,0.9586461973331453,95937.59368190209,0.595926646258408,-59.218851783825855,41.96847363099288,6.0,-65.21885178382585,-0.06798049573775052,100010.90302591263
2022-12-02 14:48:00+00:00,2022-12-02 14:51:00+00:00,long,3,0.9563481647150803,95645.24356032941,0.7268906310340454,-28.150451532628054,41.78073178114211,6.0,-34.150451532628054,-0.03570533176705984,99976.75257438
2022-12-02 15:37:00+00:00,2022-12-02 15:46:00+00:00,long,9,0.9493770087386797,94915.63030247198,0.8029077710217566,-26.813609817834546,41.3936626023034,6.0,-32.813609817834546,-0.034571344796706205,99943.93896456217
2022-12-05 19:39:00+00:00,2022-12-09 16:02:00+00:00,long,1335,0.9539896433351283,95345.4826863105,0.8059049512129968,-85.54737833513866,41.35282933467518,6.0,-91.54737833513866,-0.09601648211938082,99852.39158622704
2022-12-12 20:33:00+00:00,2022-12-12 20:34:00+00:00,short,1,0.40623474540471827,40563.51087408317,0.9279496516896275,-29.823973282859065,17.65146025389968,6.0,-35.823973282859065,-0.08831576091641444,99816.56761294417
2022-12-12 20:37:00+00:00,2022-12-12 20:38:00+00:00,short,1,0.40517876635707006,40443.553727409795,0.952970917666609,-20.75524667467167,17.59550875921386,6.0,-26.75524667467167,-0.06615453937357352,99789.8123662695
2022-12-12 20:41:00+00:00,2022-12-12 20:42:00+00:00,short,1,0.40456932288651926,40371.89681999446,0.9478643567090794,-26.21284903005198,17.56546928701619,6.0,-32.212849030051984,-0.07979027880131298,99757.59951723945
2022-12-12 20:43:00+00:00,2022-12-12 20:54:00+00:00,short,11,0.40578798422185497,40480.43521891169,0.8555900176240783,-17.534605043372252,17.63858439656492,6.0,-23.534605043372252,-0.05813822138052837,99734.06491219607
2022-12-12 20:57:00+00:00,2022-12-12 20:58:00+00:00,short,1,0.4027762090893462,40170.50858240511,0.986309861935021,-10.883545196378188,17.47499885254779,6.0,-16.883545196378186,-0.042029702366709054,99717.18136699969
2022-12-13 14:30:00+00:00,2022-12-13 14:35:00+00:00,short,5,0.40219362718320106,40105.61486647872,0.9896375084349375,-61.20596471922325,17.385150928872243,6.0,-67.20596471922326,-0.16757245822802658,99649.97540228047
2022-12-13 14:36:00+00:00,2022-12-13 14:37:00+00:00,short,1,0.40136999703502324,39996.51033175345,1.0067607165407693,-25.16565396976858,17.352848021767052,6.0,-31.16565396976858,-0.07792093287955174,99618.8097483107
2022-12-13 14:38:00+00:00,2022-12-13 14:39:00+00:00,short,1,0.4003463830689283,39882.030168367884,0.9684773421723135,-12.886766543704653,17.330706874178944,6.0,-18.886766543704653,-0.047356582561046606,99599.922981767
2022-12-13 14:40:00+00:00,2022-12-13 15:07:00+00:00,short,27,0.4018782500131025,40027.04274935231,0.943592012699671,12.477276622729164,17.36501422737134,6.0,6.477276622729164,0.01618225124271509,99606.40025838972
2022-12-13 15:10:00+00:00,2022-12-13 15:11:00+00:00,short,1,0.40059783590438935,39902.10838573733,0.910408045162887,-37.01976951578813,17.345232181718636,6.0,-43.01976951578813,-0.10781327417567033,99563.38048887394
2022-12-13 15:12:00+00:00,2022-12-13 15:23:00+00:00,short,11,0.4013923120295673,39963.975487908625,0.8395292684024401,-39.58277474712844,17.359681570042163,6.0,-45.58277474712844,-0.11405966045825401,99517.7977141268
2022-12-13 15:24:00+00:00,2022-12-13 15:27:00+00:00,short,3,0.39982447031728874,39789.650758193835,0.9635993024026156,-49.92190056637088,17.284581352483258,6.0,-55.92190056637088,-0.14054383363707948,99461.87581356043
2022-12-13 15:28:00+00:00,2022-12-13 15:29:00+00:00,short,1,0.39937957326232254,39723.04151828989,0.9638371245926811,-24.148052012608815,17.26571029722649,6.0,-30.148052012608815,-0.07589562848234466,99431.72776154782
2022-12-13 15:30:00+00:00,2022-12-13 15:35:00+00:00,short,5,0.3988280180609748,39656.15891551652,0.9795419908861873,-2.3652590702323906,17.25278011869827,6.0,-8.36525907023239,-0.021094476366341326,99423.3625024776
2022-12-13 15:36:00+00:00,2022-12-13 15:37:00+00:00,short,1,0.39815868616258954,39586.27538785335,0.9624424952861914,-24.454956698157925,17.20458097672949,6.0,-30.454956698157925,-0.07693311987493202,99392.90754577944
2022-12-13 15:38:00+00:00,2022-12-13 15:39:00+00:00,short,1,0.3976617149920765,39524.75407270355,0.9636992518747054,-42.5954416770032,17.169922655425154,6.0,-48.5954416770032,-0.12294938404326218,99344.31210410244
2022-12-13 15:42:00+00:00,2022-12-13 15:51:00+00:00,short,9,0.39726708553180395,39466.225333758695,1.0225413843297988,-27.55353719388154,17.14549313329175,6.0,-33.55353719388154,-0.0850183591415834,99310.75856690857
2022-12-13 15:54:00+00:00,2022-12-13 16:05:00+00:00,short,11,0.3953602900277119,39263.53030988504,0.9987483729933091,-33.37864161645534,17.063037072004867,6.0,-39.37864161645534,-0.10029317615013675,99271.37992529212
2022-12-13 16:06:00+00:00,2022-12-13 16:07:00+00:00,short,1,0.3940641674983994,39119.293686677556,0.9597292928463381,-32.27778478854683,17.007039922933934,6.0,-38.27778478854683,-0.09784886479579434,99233.10214050357
2022-12-13 16:10:00+00:00,2022-12-13 16:11:00+00:00,short,1,0.3934435196590396,39042.62097284471,1.0148253994528609,-21.35025358013941,16.96794171639818,6.0,-27.35025358013941,-0.07005229899694058,99205.75188692343
2022-12-13 16:14:00+00:00,2022-12-13 16:15:00+00:00,short,1,0.39275553053164386,38963.607714139245,1.012691892731163,-14.883777316813202,16.932202194650543,6.0,-20.8837773168132,-0.05359816131511566,99184.86810960661
2022-12-13 16:16:00+00:00,2022-12-13 16:17:00+00:00,short,1,0.3930859275624324,38988.17588102224,0.9765496259681024,-16.442952437202266,16.94588401218374,6.0,-22.442952437202266,-0.057563484133471676,99162.42515716942
2022-12-13 16:18:00+00:00,2022-12-13 16:19:00+00:00,short,1,0.3916586963265419,38837.826161635254,1.0443493114116105,6.247538131760832,16.873830640951095,6.0,0.24753813176083206,0.0006373635093030901,99162.67269530118
2022-12-14 14:38:00+00:00,2022-12-14 14:41:00+00:00,long,3,0.41497194265975734,41149.72692770281,0.792557998514093,-14.01587524404702,17.93731914986467,6.0,-20.01587524404702,-0.048641574898451966,99142.65682005713
2022-12-14 14:42:00+00:00,2022-12-14 14:43:00+00:00,long,1,0.41446918449326464,41091.57612070468,0.6419543825076208,-5.509559733868407,17.944928869019364,6.0,-11.509559733868407,-0.028009535823253863,99131.14726032327
2022-12-14 14:46:00+00:00,2022-12-14 14:49:00+00:00,long,3,0.4149947049638391,41138.90121002474,0.7557610185326036,-7.698406631237653,17.95096709019856,6.0,-13.698406631237653,-0.033297939974876185,99117.44885369203
2022-12-14 14:50:00+00:00,2022-12-14 14:51:00+00:00,long,1,0.4166371443564634,41296.01084630006,0.7622387339909638,-33.20045869618709,18.0191544183155,6.0,-39.20045869618709,-0.09492553370854047,99078.24839499584
2022-12-14 14:52:00+00:00,2022-12-14 14:53:00+00:00,long,1,0.41715711105019954,41331.19586837053,0.73332340861275,-25.509407569334364,18.031626604422826,6.0,-31.509407569334364,-0.07623638006914658,99046.7389874265
2022-12-14 14:54:00+00:00,2022-12-14 14:57:00+00:00,long,3,0.41694097768811134,41296.64419023678,0.8111189816375457,-20.77076462670977,17.99619914575953,6.0,-26.77076462670977,-0.06482552069700334,99019.9682227998
2022-12-14 14:58:00+00:00,2022-12-14 14:59:00+00:00,long,1,0.41678689373205835,41270.224973027856,0.69526555048118,-37.96292119986675,18.014044003349714,6.0,-43.96292119986675,-0.10652454942661133,98976.00530159993
2022-12-14 15:00:00+00:00,2022-12-14 15:01:00+00:00,long,1,0.41658133290293675,41231.556213948636,0.6838089732358493,-11.415909892311717,18.00365044986373,6.0,-17.415909892311717,-0.04223927372991057,98958.58939170762
2022-12-14 15:02:00+00:00,2022-12-14 15:05:00+00:00,long,3,0.41667732693114423,41233.80050461341,0.8648202903067879,1.4175152906321777,17.94174124228039,6.0,-4.582484709367822,-0.011113418247379634,98954.00690699826
2022-12-14 15:06:00+00:00,2022-12-14 15:07:00+00:00,long,1,0.4181937404379573,41381.94627976106,0.8067080625996508,-22.016762610743,18.032022381646847,6.0,-28.016762610743,-0.06770286351767206,98925.99014438751
2022-12-14 15:08:00+00:00,2022-12-14 15:09:00+00:00,long,1,0.41729715449547894,41281.534192900705,0.6943811055744836,-22.91187443006626,18.01217773687921,6.0,-28.91187443006626,-0.07003585257991286,98897.07826995745
2022-12-14 15:10:00+00:00,2022-12-14 15:11:00+00:00,long,1,0.4177155078401714,41310.84327344446,0.7436829910586072,-14.100864460714648,18.013649663190556,6.0,-20.100864460714646,-0.04865759899323076,98876.97740549673
2022-12-14 15:12:00+00:00,2022-12-14 15:13:00+00:00,long,1,0.4174255789375451,41273.77953708404,0.6774057873375471,-11.612657686016082,18.01412128135943,6.0,-17.61265768601608,-0.042672752249866774,98859.36474781072
2022-12-14 15:14:00+00:00,2022-12-14 15:15:00+00:00,long,1,0.41885254904102,41407.49692119647,0.7417764794052503,-26.20092398354472,18.05249481898792,6.0,-32.20092398354472,-0.07776592737500412,98827.16382382717
2022-12-14 15:16:00+00:00,2022-12-14 15:17:00+00:00,long,1,0.4191441487317023,41422.82745250653,0.6825812724502112,-8.858975837102642,18.08326176897126,6.0,-14.858975837102642,-0.03587146689621622,98812.30484799006
2022-12-14 15:18:00+00:00,2022-12-14 15:19:00+00:00,long,1,0.4201862997851475,41519.57674731893,0.7379960704271616,-19.56646357818643,18.10835200046975,6.0,-25.56646357818643,-0.0615768887380032,98786.73838441187
2022-12-14 15:22:00+00:00,2022-12-14 15:23:00+00:00,long,1,0.42289869019751447,41776.78227165231,0.7312140287045842,-29.74743027919897,18.218248546086066,6.0,-35.747430279198966,-0.08556769654195084,98750.99095413268
2022-12-14 15:24:00+00:00,2022-12-14 15:25:00+00:00,long,1,0.4235301669202878,41824.023682347644,0.7261457703367964,1.4445540809144803,18.244799910539513,6.0,-4.555445919085519,-0.010891936064506875,98746.43550821359
2022-12-14 15:26:00+00:00,2022-12-14 15:35:00+00:00,long,9,0.4255427234511079,42020.8270972544,0.7124387160205349,-51.36479748443452,18.328143112383124,6.0,-57.36479748443452,-0.13651515557194419,98689.07071072915
2022-12-15 15:02:00+00:00,2022-12-15 15:09:00+00:00,short,7,0.48268434712347785,47635.66966423104,0.6158996396833165,-91.38429258240265,20.89039058116306,6.0,-97.38429258240265,-0.20443565351098056,98591.68641814675
2022-12-15 15:12:00+00:00,2022-12-15 15:13:00+00:00,short,1,0.4850298170656322,47819.9076275859,0.6488349257532998,-32.18684418783447,20.96429655447986,6.0,-38.18684418783447,-0.07985553733233396,98553.49957395892
2022-12-15 15:14:00+00:00,2022-12-15 15:15:00+00:00,short,1,0.48521636111701594,47819.77043862373,0.5831832845839529,-26.226536855531414,20.97146231665219,6.0,-32.226536855531414,-0.06739165947459723,98521.27303710338
2022-12-15 15:32:00+00:00,2022-12-15 15:33:00+00:00,short,1,0.4887702180925446,48154.26410910016,0.6083272608032708,-27.23439838869991,21.136498087633242,6.0,-33.23439838869991,-0.06901652221992796,98488.03863871469
2022-12-15 16:04:00+00:00,2022-12-15 16:05:00+00:00,short,1,0.4950614185708826,48757.62812074599,0.6363642326221559,-34.847448762388325,21.361677947327287,6.0,-40.847448762388325,-0.08377652961549222,98447.1911899523
2022-12-15 16:06:00+00:00,2022-12-15 16:07:00+00:00,short,1,0.4942816994161275,48660.644964114035,0.5909542282599751,-12.094090244692126,21.344216969870654,6.0,-18.094090244692126,-0.03718423842930164,98429.09709970761
2022-12-15 16:08:00+00:00,2022-12-15 16:09:00+00:00,short,1,0.4942000587370414,48643.665568109456,0.6436850770765253,-20.138725393171775,21.325211819436113,6.0,-26.138725393171775,-0.053735106283413374,98402.95837431443
2022-12-15 16:10:00+00:00,2022-12-15 16:11:00+00:00,short,1,0.49460921774095873,48671.010264915785,0.6093222744455062,-8.112100711120128,21.340727957787003,6.0,-14.112100711120128,-0.02899487936311187,98388.84627360331
2022-12-15 16:12:00+00:00,2022-12-15 16:13:00+00:00,short,1,0.4947796722666672,48680.801113948946,0.627438066103755,-11.390300263896393,21.34566676407782,6.0,-17.390300263896393,-0.03572311849016263,98371.45597333941
2022-12-15 16:14:00+00:00,2022-12-15 16:15:00+00:00,short,1,0.49462607652083773,48657.0873097352,0.5749874026530601,-16.49568033990562,21.345347434480495,6.0,-22.49568033990562,-0.04623310104179773,98348.9602929995
2022-12-15 16:16:00+00:00,2022-12-15 16:17:00+00:00,short,1,0.49560656245638246,48742.39013197274,0.6580056713494673,-40.18836722611334,21.356968239879876,6.0,-46.18836722611334,-0.0947601607164847,98302.77192577338
2022-12-15 16:20:00+00:00,2022-12-15 16:21:00+00:00,short,1,0.49651486047524973,48808.787087055665,0.6382851849964896,-14.752169111569192,21.401213212113138,6.0,-20.75216911156919,-0.042517280903857514,98282.01975666182
2022-12-15 16:22:00+00:00,2022-12-15 16:23:00+00:00,short,1,0.497114440292009,48857.41124210111,0.5724681510211878,-23.265117017928223,21.437236586958463,6.0,-29.265117017928223,-0.05989903327647059,98252.75463964388
2022-12-15 16:24:00+00:00,2022-12-15 16:25:00+00:00,short,1,0.49759042047258617,48889.629493730245,0.613373915798105,-13.796919781283494,21.449437419109834,6.0,-19.796919781283492,-0.04049308613357831,98232.9577198626
2022-12-16 15:05:00+00:00,2022-12-20 19:13:00+00:00,long,1011,0.7093187093345534,69678.4747839687,0.7515378271007074,84.47008977980657,30.41765088027355,6.0,78.47008977980657,0.11261740447547884,98311.42780964241
2022-12-22 18:21:00+00:00,2022-12-22 19:14:00+00:00,long,51,0.7157932237497234,70370.65384330215,0.6895730763669778,11.165054585659476,30.897415614437136,6.0,5.165054585659476,0.007339784844348272,98316.59286422806
2022-12-23 15:49:00+00:00,2022-12-23 16:02:00+00:00,short,13,0.634328954362508,62365.0615480502,0.775796252401698,-123.4798554501534,27.17722372913598,6.0,-129.4798554501534,-0.20761601485856543,98187.11300877792
2022-12-28 14:36:00+00:00,2022-12-28 16:17:00+00:00,short,97,1.0,98187.11300877792,0.5935368640890349,-10.80949583602785,42.90806342677667,6.0,-16.80949583602785,-0.017119859542590973,98170.30351294189
2022-12-29 18:18:00+00:00,2022-12-30 14:32:00+00:00,short,155,1.0,98170.30351294189,0.48863702194784764,-55.959227780019205,42.97273907681768,6.0,-61.959227780019205,-0.0631140228387407,98108.34428516186
2023-01-03 14:31:00+00:00,2023-01-03 16:11:00+00:00,short,96,1.0,98108.34428516186,0.43475855503637084,387.5301953903868,42.89054994985128,6.0,381.5301953903868,0.38888659080967725,98489.87448055224
2023-01-04 14:31:00+00:00,2023-01-09 14:50:00+00:00,short,1182,0.5218036866938638,51392.37960596805,0.6612421941151053,577.0353572076831,22.988532309441887,6.0,571.0353572076831,1.111128462207596,99060.90983775993
2023-01-09 15:01:00+00:00,2023-01-09 19:06:00+00:00,short,245,1.0,99060.90983775993,0.6524229933671714,-7.005867217668197,43.22112576159235,6.0,-13.005867217668197,-0.01312916188531779,99047.90397054226
2023-01-10 14:43:00+00:00,2023-01-11 14:54:00+00:00,short,392,0.921255883656894,91248.4642967451,0.5776048589594548,227.57405476854757,39.8343908724172,6.0,221.57405476854757,0.24282496859122626,99269.4780253108
2023-01-12 14:46:00+00:00,2023-01-12 14:49:00+00:00,long,3,0.8281593410398903,82210.94550681526,0.6185116365602216,22.918704704161833,35.81372513721618,6.0,16.918704704161833,0.020579625498601373,99286.39673001497
2023-01-12 15:02:00+00:00,2023-01-12 15:05:00+00:00,long,3,0.822316014403607,81644.79404352122,0.5772551978691797,-1.8155706392416446,35.5884054991093,6.0,-7.815570639241645,-0.009572650321189506,99278.58115937572
2023-01-12 16:54:00+00:00,2023-01-12 16:57:00+00:00,long,3,0.7169362815199446,71176.41681097886,0.610454468540117,-10.607388583014497,31.006278792422908,6.0,-16.607388583014497,-0.023332712332398323,99261.97377079271
2023-01-17 14:33:00+00:00,2023-01-18 15:45:00+00:00,short,451,0.7535323316158196,74797.10653629375,0.9330653004106392,-25.59183432522957,32.34264570105216,6.0,-31.59183432522957,-0.042236706455884475,99230.38193646749
2023-01-23 14:31:00+00:00,2023-01-23 14:43:00+00:00,short,12,1.0,99230.38193646749,0.546328266626608,202.7098502139168,43.26245400212156,6.0,196.7098502139168,0.19823550648012303,99427.0917866814
2023-01-23 16:08:00+00:00,2023-01-23 19:27:00+00:00,short,193,0.9374738244710422,93210.29599329356,0.5788481254726208,-60.536289355994256,40.46379641335785,6.0,-66.53628935599426,-0.07138298258465085,99360.5554973254
2023-01-24 14:40:00+00:00,2023-01-24 14:41:00+00:00,long,1,0.5817607385971159,57804.07015354375,0.2714437166192846,24.478061855507207,25.37405895382679,6.0,18.478061855507207,0.031966714119653364,99379.03355918091
2023-01-24 14:43:00+00:00,2023-01-24 14:53:00+00:00,long,10,0.542779459078064,53940.89807895299,0.6534640458991126,142.46735739200756,23.506805073280308,6.0,136.46735739200756,0.2529942256286891,99515.50091657291
2023-01-24 15:12:00+00:00,2023-01-24 16:06:00+00:00,short,54,0.43944917064104316,43732.00434371594,0.7477222985727672,103.32011170870429,19.017761111921914,6.0,97.32011170870429,0.22253750581337964,99612.82102828161
2023-01-24 20:17:00+00:00,2023-01-26 14:32:00+00:00,long,434,0.47637827432261876,47453.38378186066,0.8033796111950415,-118.92621933777963,20.73494260262555,6.0,-124.92621933777963,-0.2632609297411862,99487.89480894383
2023-01-26 14:48:00+00:00,2023-02-01 15:53:00+00:00,short,1607,1.0,99487.89480894383,0.4332600679978502,-1897.7355762004618,43.36776980625677,6.0,-1903.7355762004618,-1.9135348876930085,97584.15923274338
2023-02-03 14:50:00+00:00,2023-02-03 20:36:00+00:00,long,342,0.5695804814663414,55582.0323992741,0.4402145264380852,69.62680274860615,24.32524016049917,6.0,63.62680274860615,0.11447368871210459,97647.78603549198
2023-02-08 14:42:00+00:00,2023-02-09 16:03:00+00:00,short,455,1.0,97647.78603549198,0.6293063741897356,-7.58253314188164,42.37072647214087,6.0,-13.58253314188164,-0.013909719506538331,97634.20350235011
2023-02-13 14:31:00+00:00,2023-02-13 16:38:00+00:00,long,127,1.0,97634.20350235011,0.5593075020747545,74.92168098080347,42.691050590746336,6.0,68.92168098080347,0.07059173784230696,97703.1251833309
2023-02-14 14:37:00+00:00,2023-02-14 15:04:00+00:00,long,27,1.0,97703.1251833309,0.4015826009205322,133.81807901928636,42.88763133844722,6.0,127.81807901928636,0.13082291766967283,97830.94326235019
2023-02-16 14:31:00+00:00,2023-02-23 15:24:00+00:00,long,1571,1.0,97830.94326235019,0.4861041212085455,-124.66686970458431,42.22200357370716,6.0,-130.66686970458431,-0.1335639475070572,97700.27639264561
2023-02-27 16:17:00+00:00,2023-02-27 17:57:00+00:00,long,95,1.0,97700.27639264561,0.485763550868747,18.538440605411154,42.8264733692955,6.0,12.538440605411154,0.012833577414889469,97712.81483325102
2023-03-01 14:56:00+00:00,2023-03-03 14:58:00+00:00,long,753,0.653397218751379,63845.28144841471,0.4563085668669009,-104.27415919186737,28.099785926298473,6.0,-110.27415919186737,-0.17272092265889055,97602.54067405916
2023-03-06 14:37:00+00:00,2023-03-08 14:31:00+00:00,short,746,1.0,97602.54067405916,0.8369768337496134,-187.24352150793084,42.25882835616301,6.0,-193.24352150793084,-0.19799025739838266,97409.29715255123
2023-03-10 14:34:00+00:00,2023-03-10 16:37:00+00:00,long,123,1.0,97409.29715255123,0.7628470894956098,410.4894410174166,42.4095312490589,6.0,404.4894410174166,0.4152472637021,97813.78659356864
2023-03-10 18:51:00+00:00,2023-03-10 18:54:00+00:00,long,3,1.0,97813.78659356864,0.8710204243318427,-63.664107377023406,42.68138680960866,6.0,-69.66410737702341,-0.07122115378938199,97744.12248619161
2023-03-13 14:21:00+00:00,2023-03-13 14:24:00+00:00,long,3,1.0,97744.12248619161,0.7270870671781224,23.63217358511605,42.730751059701475,6.0,17.63217358511605,0.018039113899259735,97761.75465977672
2023-03-13 14:27:00+00:00,2023-03-13 14:28:00+00:00,long,1,1.0,97761.75465977672,0.7939136409510086,-98.84651198985765,42.70795813368984,6.0,-104.84651198985765,-0.10724696212208627,97656.90814778686
2023-03-13 14:29:00+00:00,2023-03-13 14:34:00+00:00,long,5,1.0,97656.90814778686,0.7525582842990258,-87.73669442239736,42.79373573194056,6.0,-93.73669442239736,-0.09598572819911835,97563.17145336447
2023-03-13 14:39:00+00:00,2023-03-16 18:57:00+00:00,long,882,1.0,97563.17145336447,0.724450045690609,-407.1445234829664,42.74566522984685,6.0,-413.1445234829664,-0.42346360550656237,97150.0269298815
2023-03-20 13:34:00+00:00,2023-03-24 15:15:00+00:00,short,1652,1.0,97150.0269298815,0.9394198757269786,-139.04207665850058,42.31819260611753,6.0,-145.04207665850058,-0.14929700098095228,97004.984853223
2023-03-28 16:47:00+00:00,2023-03-29 16:20:00+00:00,long,361,0.8563195160784028,83067.26168670472,0.6542856566539347,-139.18350667359852,36.40010087895323,6.0,-145.18350667359852,-0.17477825045102668,96859.8013465494
2023-03-30 13:49:00+00:00,2023-03-31 13:31:00+00:00,long,359,0.7516615821794654,72805.79152973605,0.7954797570452798,82.0029035465953,31.678698207267608,6.0,76.0029035465953,0.10439128804135514,96935.804250096
2023-04-04 14:08:00+00:00,2023-04-04 14:17:00+00:00,short,9,0.6259676231496631,60678.67498453361,0.8539264679720333,-25.411446046314264,26.326522432004744,6.0,-31.411446046314264,-0.05176686217080503,96904.39280404968
2023-04-04 14:18:00+00:00,2023-04-06 13:32:00+00:00,short,729,0.6022409060061432,58359.789318286064,0.6698593529604073,-120.9767545262111,25.197520978357126,6.0,-126.9767545262111,-0.21757575894199646,96777.41604952347
2023-04-11 13:40:00+00:00,2023-04-11 14:43:00+00:00,short,63,0.9314782505570175,90146.05819523874,0.6012124165201742,79.29502454215401,39.174594160222455,6.0,73.29502454215401,0.0813069656173,96850.71107406562
2023-04-11 19:14:00+00:00,2023-04-17 13:42:00+00:00,short,1220,0.7945826444386813,76955.89412099773,0.4896324044974081,-179.7375938046855,33.9708682384635,6.0,-185.7375938046855,-0.24135590382804248,96664.97348026093
2023-04-19 13:54:00+00:00,2023-04-20 13:31:00+00:00,long,363,1.0,96664.97348026093,0.7223724534187063,152.9613862260323,41.93078153555052,6.0,146.9613862260323,0.1520316831784389,96811.93486648696
2023-04-21 16:11:00+00:00,2023-04-21 16:47:00+00:00,short,36,1.0,96811.93486648696,0.635787416633067,27.056699354423856,42.02418268671376,6.0,21.056699354423856,0.021750106929959705,96832.99156584138
2023-04-24 14:02:00+00:00,2023-04-25 13:34:00+00:00,long,355,1.0,96832.99156584138,0.628379211564138,233.06489773891394,41.99959964781533,6.0,227.06489773891394,0.23449125558051326,97060.0564635803
2023-04-25 19:56:00+00:00,2023-04-26 13:31:00+00:00,long,6,0.8182656421584278,79420.9094301048,0.5500115909794269,165.81846352873583,34.759597121139464,6.0,159.81846352873583,0.20122970723394415,97219.87492710903
2023-04-26 13:34:00+00:00,2023-04-26 13:42:00+00:00,long,8,0.7532915765739989,73234.91285816896,1.103919620481381,101.24143579255959,31.756838254627073,6.0,95.24143579255959,0.13004922389545237,97315.1163629016
2023-04-26 14:19:00+00:00,2023-04-26 14:28:00+00:00,long,9,0.5117126693202527,49797.377959271376,1.220824479096978,32.886051536253596,21.52287508358139,6.0,26.886051536253596,0.053990897991141915,97342.00241443784
2023-04-26 14:29:00+00:00,2023-04-26 14:32:00+00:00,long,3,0.4726683592231396,46010.48456472723,0.8946541741307434,-42.36358272617224,19.986048272795305,6.0,-48.36358272617224,-0.10511426511523626,97293.63883171167
2023-04-26 14:33:00+00:00,2023-04-26 14:44:00+00:00,long,11,0.4583527502415781,44594.80693952584,0.9455179876694224,-0.8326296863301934,19.352727641849107,6.0,-6.832629686330193,-0.015321581491754837,97286.80620202534
2023-04-26 14:56:00+00:00,2023-04-26 15:05:00+00:00,long,9,0.41064810133026636,39950.642251347286,1.149075448697272,-9.815319870021483,17.316115919054553,6.0,-15.815319870021483,-0.0395871479875599,97270.99088215533
2023-04-26 15:11:00+00:00,2023-04-26 15:13:00+00:00,long,2,0.39570233981863306,38490.358688545784,0.715933583311771,-0.21395509246925126,16.734232590776944,6.0,-6.213955092469251,-0.016144185983692695,97264.77692706286
2023-04-26 15:32:00+00:00,2023-04-26 15:33:00+00:00,long,1,0.35618817312574375,34644.56320313351,1.2060886456564406,-24.376719498998455,14.991180335821403,6.0,-30.376719498998455,-0.08768105783550753,97234.40020756387
2023-04-26 15:48:00+00:00,2023-04-26 15:49:00+00:00,long,1,0.3424492800459056,33297.8503467757,1.1659119522419348,-17.434552407141034,14.41108140740377,6.0,-23.434552407141034,-0.07037857448179159,97210.96565515673
2023-04-26 17:19:00+00:00,2023-04-26 17:22:00+00:00,long,3,0.3082525659058307,29965.52959738565,0.8826316078765317,-18.24130882631682,13.000704907880557,6.0,-24.24130882631682,-0.08089731485483828,97186.72434633042
2023-04-26 17:23:00+00:00,2023-04-26 17:30:00+00:00,long,7,0.30622527498509416,29761.03138785558,0.8919939420453405,-9.788379106767026,12.915505423190968,6.0,-15.788379106767026,-0.053050510585495717,97170.93596722365
2023-04-26 17:31:00+00:00,2023-04-26 18:14:00+00:00,long,43,0.3036224696489372,29503.27955646718,0.9432204765444809,18.328497118525597,12.787031339913796,6.0,12.328497118525597,0.041786870150925866,97183.26446434217
2023-04-26 18:15:00+00:00,2023-04-26 18:18:00+00:00,long,3,0.29675191303066006,28839.319644358104,0.8678934987661778,-17.19652123487492,12.516808305462213,6.0,-23.19652123487492,-0.08043366321026545,97160.0679431073
2023-04-26 18:21:00+00:00,2023-04-26 18:22:00+00:00,long,1,0.29785068522146163,28939.192813018275,1.1649155779189766,-10.833445239695639,12.532684229358598,6.0,-16.83344523969564,-0.0581683302242042,97143.2344978676
2023-04-26 19:09:00+00:00,2023-04-26 19:10:00+00:00,long,1,0.29852381374324827,28999.568841658118,1.213854012805005,-15.044211197319363,12.553905069051895,6.0,-21.044211197319363,-0.07256732440480004,97122.19028667027
2023-04-26 19:11:00+00:00,2023-04-26 19:14:00+00:00,long,3,0.2995271798372851,29090.73575618651,0.8424540998775045,-26.831926494722737,12.625517400703425,6.0,-32.83192649472274,-0.11286041979100035,97089.35836017555
2023-04-26 19:15:00+00:00,2023-04-26 19:22:00+00:00,long,7,0.3004961200449652,29174.975484887957,0.8811398018743425,-15.591459437560326,12.661245002370578,6.0,-21.591459437560324,-0.07400677833900585,97067.76690073799
2023-04-26 19:23:00+00:00,2023-04-26 19:26:00+00:00,long,3,0.30389060953070507,29497.982849249667,0.96102629060437,-22.979647402048066,12.797349211521741,6.0,-28.979647402048066,-0.09824281053436579,97038.78725333593
2023-04-26 19:27:00+00:00,2023-04-26 19:30:00+00:00,long,3,0.30537170146966164,29632.899572103706,0.8411299054181071,-15.83665469315109,12.87110287560035,6.0,-21.83665469315109,-0.07369057705614482,97016.95059864278
2023-04-26 19:31:00+00:00,2023-04-26 19:34:00+00:00,long,3,0.30593725886038053,29681.09992914173,0.9104503770518557,-1.4580195304474355,12.877563340529232,6.0,-7.4580195304474355,-0.02512716694547073,97009.49257911234
2023-04-26 19:35:00+00:00,2023-04-26 19:38:00+00:00,long,3,0.3070819975070197,29789.868758336223,0.9228358046352132,-12.564645984125168,12.929792064661285,6.0,-18.564645984125168,-0.06231865650274188,96990.92793312822
2023-04-26 19:39:00+00:00,2023-04-26 19:42:00+00:00,long,3,0.3073703436853268,29812.13485316438,0.9342225168633436,-5.7043836889184165,12.93506572483151,6.0,-11.704383688918416,-0.03926046808310363,96979.2235494393
2023-04-26 19:43:00+00:00,2023-04-26 19:46:00+00:00,long,3,0.3074186050062543,29813.217618158313,0.9370603753032952,-17.135280077200637,12.938545174001923,6.0,-23.135280077200637,-0.07760074867970525,96956.0882693621
2023-04-26 19:47:00+00:00,2023-04-26 19:58:00+00:00,long,11,0.3073584138970513,29800.26950813364,0.9475413959164739,1.925105216521935,12.951167760387204,6.0,-4.074894783478065,-0.013674019902289372,96952.01337457862
2023-04-27 13:32:00+00:00,2023-04-28 14:05:00+00:00,long,413,0.3065082663448993,29716.593538089583,0.028432038411031393,297.1405913511367,13.24047201922066,6.0,291.1405913511367,0.9797239746808931,97243.15396592976
2023-05-02 14:24:00+00:00,2023-05-05 17:16:00+00:00,long,1316,1.0,97243.15396592976,0.20537162765765007,60.74455035969925,43.04656730657917,6.0,54.74455035969925,0.05629655983688026,97297.89851628945
2023-05-09 17:00:00+00:00,2023-05-10 15:17:00+00:00,short,270,1.0,97297.89851628945,0.8103062096327871,-108.44258106709765,41.91669842461919,6.0,-114.44258106709765,-0.11762081485032061,97183.45593522236
2023-05-17 13:31:00+00:00,2023-05-17 14:40:00+00:00,short,69,1.0,97183.45593522236,0.6769901592201301,168.58470634415647,42.10199628473319,6.0,162.58470634415647,0.1672966913756672,97346.04064156652
2023-05-18 17:30:00+00:00,2023-05-18 19:57:00+00:00,long,139,1.0,97346.04064156652,0.7457046715102408,-233.39269096099343,42.374179813422856,6.0,-239.39269096099343,-0.24591928894411894,97106.64795060553
2023-05-18 20:00:00+00:00,2023-05-19 13:30:00+00:00,long,1,1.0,97106.64795060553,0.34518078119624523,20.32691147209646,42.40283973909476,6.0,14.326911472096459,0.014753790574033629,97120.97486207762
2023-05-19 13:32:00+00:00,2023-05-19 14:30:00+00:00,long,58,1.0,97120.97486207762,0.9653209257779816,386.70502126837897,41.92830167766034,6.0,380.70502126837897,0.3919905270813247,97501.679883346
2023-05-23 13:33:00+00:00,2023-05-23 18:33:00+00:00,long,293,0.8199711422102705,79948.56382136737,0.5921248756828791,93.94686019689402,34.50439775505488,6.0,87.94686019689402,0.1100043027582054,97589.6267435429
2023-05-23 18:36:00+00:00,2023-05-23 19:23:00+00:00,long,45,0.823262412986768,80341.87159536716,0.6870125020457514,-35.269920179056385,34.97605327520031,6.0,-41.269920179056385,-0.05136788496402936,97548.35682336385
2023-05-23 19:53:00+00:00,2023-05-24 14:11:00+00:00,long,49,0.7658845319740012,74710.77761049489,0.43998800211939354,-252.04727546924119,32.35540275751546,6.0,-258.0472754692412,-0.34539498011193553,97290.3095478946
2023-05-24 14:12:00+00:00,2023-05-24 16:10:00+00:00,long,117,0.695114484712088,67627.9033888643,0.7234657744818729,110.18928066964439,29.522697258691217,6.0,104.18928066964439,0.15406256212106723,97394.49882856425
2023-05-30 13:34:00+00:00,2023-05-30 19:33:00+00:00,long,358,0.6594771410376586,64229.445640257145,0.8518203987699593,350.49667104374464,27.675929031485243,6.0,344.49667104374464,0.5363531751048216,97738.99549960799
2023-05-31 13:34:00+00:00,2023-05-31 13:37:00+00:00,long,3,0.8409348816787445,82192.13061586219,0.8624484681991805,-46.03923066411035,35.80754184399548,6.0,-52.03923066411035,-0.06331412785406897,97686.95626894388
2023-05-31 13:51:00+00:00,2023-05-31 14:12:00+00:00,long,21,0.8944499101914136,87376.0892616294,0.7718844054919024,102.781075262641,37.983772722183176,6.0,96.781075262641,0.11076379828908381,97783.73734420651
2023-05-31 14:15:00+00:00,2023-05-31 14:48:00+00:00,long,33,0.9068368226411593,88673.8936791979,0.7013691886601952,-3.2688125476992695,38.79538779043145,6.0,-9.26881254769927,-0.010452696011333095,97774.46853165881
2023-06-01 13:32:00+00:00,2023-06-06 13:31:00+00:00,short,1120,0.7749492444541367,75770.25051551376,0.8820548743056723,173.10113236706792,33.08851924684876,6.0,167.10113236706792,0.22053659745107268,97941.56966402588
2023-06-07 13:49:00+00:00,2023-06-07 18:53:00+00:00,long,304,1.0,97941.56966402588,0.8795927228897523,943.0049503440813,42.33134652587338,6.0,937.0049503440813,0.9566979103544476,98878.57461436997
2023-06-14 13:45:00+00:00,2023-06-15 16:37:00+00:00,long,531,1.0,98878.57461436997,0.680143387767482,9.4926194775534,43.010431957056355,6.0,3.4926194775534007,0.0035322308105418623,98882.06723384751
2023-06-16 14:32:00+00:00,2023-06-20 19:28:00+00:00,short,662,1.0,98882.06723384751,0.6568645141185024,-335.3591972639102,42.69572548042291,6.0,-341.3591972639102,-0.3452185080805656,98540.7080365836
2023-06-26 16:38:00+00:00,2023-06-28 19:55:00+00:00,long,876,0.5346747572753215,52687.22915119866,0.9975562054924505,-172.65459973467642,22.88815036117971,6.0,-178.65459973467642,-0.3390852064396557,98362.05343684893
2023-06-30 13:32:00+00:00,2023-06-30 13:33:00+00:00,short,1,0.35553324713809564,34970.98025357378,1.3319653604794213,3.8544671308147116,15.066713311108654,6.0,-2.1455328691852884,-0.006135180808853736,98359.90790397975
2023-06-30 13:34:00+00:00,2023-06-30 13:37:00+00:00,short,3,0.3588370028247575,35295.17455038327,1.022054513654114,4.740221126280074,15.23708557554295,6.0,-1.2597788737199256,-0.0035692665917308676,98358.64812510603
2023-07-12 13:41:00+00:00,2023-07-12 15:47:00+00:00,short,125,1.0,98358.64812510603,0.8613370376793585,11.917736668989647,42.51594101020957,6.0,5.917736668989647,0.0060164884143818825,98364.56586177502
2023-07-12 15:50:00+00:00,2023-07-12 16:16:00+00:00,short,26,1.0,98364.56586177502,0.8136254061628211,-43.657476734507,42.44737773488049,6.0,-49.657476734507,-0.05048309449592575,98314.90838504051
2023-07-12 16:34:00+00:00,2023-07-12 18:04:00+00:00,short,85,1.0,98314.90838504051,0.7625526378313475,96.40856615616404,42.53390812675168,6.0,90.40856615616404,0.09195814514934798,98405.31695119668
2023-07-13 13:33:00+00:00,2023-07-13 13:36:00+00:00,short,3,1.0,98405.31695119668,0.7840391443741125,-14.11378952775459,42.475844074267755,6.0,-20.11378952775459,-0.020439738574014106,98385.20316166893
2023-07-13 13:44:00+00:00,2023-07-14 13:34:00+00:00,short,329,1.0,98385.20316166893,0.7721915837222264,-95.33560900527517,42.43643757413894,6.0,-101.33560900527517,-0.10299883086967668,98283.86755266367
2023-07-14 15:29:00+00:00,2023-07-14 15:32:00+00:00,long,3,0.9445856439471212,92837.53032184638,0.8601004265849481,-46.70883381191998,40.07925401631697,6.0,-52.70883381191998,-0.05677535112059807,98231.15871885174
2023-07-14 15:47:00+00:00,2023-07-14 15:50:00+00:00,long,3,0.9340657970642827,91754.36556527232,0.7059220147876195,-41.93191648699049,39.67542669679324,6.0,-47.93191648699049,-0.052239385223466696,98183.22680236475
2023-07-14 16:08:00+00:00,2023-07-14 16:09:00+00:00,long,1,0.9131400841361402,89655.03998306909,0.6249868854712681,-37.22744388795097,38.817707848883856,6.0,-43.22744388795097,-0.048215297094412385,98139.9993584768
2023-07-14 16:21:00+00:00,2023-07-14 16:30:00+00:00,long,9,0.900727275197281,88397.37421002371,0.6991272317390799,9.232864349267928,38.23362256168132,6.0,3.2328643492679277,0.003657194999465653,98143.23222282606
2023-07-14 16:48:00+00:00,2023-07-14 17:04:00+00:00,long,14,0.851564167840804,83575.25987703765,0.7252059159888423,-67.28290681310779,36.14603222760266,6.0,-73.28290681310779,-0.08768492843567251,98069.94931601295
2023-07-14 17:06:00+00:00,2023-07-14 17:09:00+00:00,long,3,0.8201402958037924,80431.11724149779,0.7171271116228474,-22.860635566490366,34.77261763555383,6.0,-28.860635566490366,-0.03588242530541395,98041.08868044645
2023-07-14 17:14:00+00:00,2023-07-14 17:18:00+00:00,long,3,0.8131627168572696,79723.35803503633,0.7762298150209418,-25.672833123482576,34.440176840611954,6.0,-31.672833123482576,-0.039728423267824706,98009.41584732298
2023-07-17 13:47:00+00:00,2023-07-17 14:19:00+00:00,short,31,0.6395326530267123,62680.22173843676,0.7740535635808273,43.08624535395501,27.087892656010098,6.0,37.08624535395501,0.059167380595293875,98046.50209267694
2023-07-17 14:25:00+00:00,2023-07-17 16:21:00+00:00,short,98,0.616698615994304,60465.1421436365,0.5767893428192995,5.219947105183994,26.198677838724535,6.0,-0.7800528948160057,-0.0012900869280402418,98045.72203978212
2023-07-17 18:42:00+00:00,2023-07-18 13:31:00+00:00,short,77,0.5274047242661355,51709.776997865454,0.6036407009859971,128.995170237095,22.332381859854102,6.0,122.99517023709501,0.2378567021129721,98168.71721001921
2023-07-18 14:35:00+00:00,2023-07-18 15:02:00+00:00,long,27,0.4663327053545072,45779.283477729834,0.9116504933571059,64.13500695325149,19.766905682348686,6.0,58.13500695325149,0.12698977034346187,98226.85221697246
2023-07-19 17:40:00+00:00,2023-07-19 19:43:00+00:00,short,121,0.6863981198721321,67422.72668268766,0.9285786216137217,85.52860805247902,29.145290468076652,6.0,79.52860805247902,0.1179551939908414,98306.38082502494
2023-07-20 14:30:00+00:00,2023-07-20 16:21:00+00:00,long,99,0.6390556746119924,62823.25051679975,0.6878649763577309,22.888393929245495,27.278565991459466,6.0,16.888393929245495,0.02688239432107914,98323.26921895418
2023-07-21 13:31:00+00:00,2023-07-26 13:53:00+00:00,long,1084,0.6665450228652937,65536.88572973825,0.9835895048922874,-243.55301701568203,28.247790985841227,6.0,-249.55301701568203,-0.3807825383171114,98073.7162019385
2023-07-28 15:02:00+00:00,2023-08-03 13:31:00+00:00,short,1411,0.37422108608304416,36701.25259328967,1.2525674870185233,-350.45422326954304,15.76267065677525,6.0,-356.45422326954304,-0.9712317648109807,97717.26197866896
2023-08-04 15:21:00+00:00,2023-08-07 14:02:00+00:00,short,309,1.0,97717.26197866896,0.620904925974956,311.29640342017916,42.395190060247955,6.0,305.29640342017916,0.3124283235512917,98022.55838208913
2023-08-09 14:03:00+00:00,2023-08-09 19:02:00+00:00,short,285,1.0,98022.55838208913,0.7010077411435879,163.44083698148967,42.46050737894355,6.0,157.44083698148967,0.16061694326298828,98179.99921907063
2023-08-10 14:04:00+00:00,2023-08-10 14:46:00+00:00,short,42,1.0,98179.99921907063,0.6594625462324906,0.4139541981801145,42.470009313481455,6.0,-5.5860458018198855,-0.005689596502598916,98174.41317326881
2023-08-10 19:32:00+00:00,2023-08-11 14:52:00+00:00,long,110,1.0,98174.41317326881,0.6250403081167728,240.6624113915492,42.45874288086257,6.0,234.6624113915492,0.23902603927704832,98409.07558466036
2023-08-15 13:39:00+00:00,2023-08-15 14:25:00+00:00,short,45,0.49557731715916536,48769.305662359504,0.6412237704947226,33.89058948123838,21.054893479067502,6.0,27.89058948123838,0.05718881805357449,98436.96617414159
2023-08-16 13:31:00+00:00,2023-08-17 13:36:00+00:00,long,384,0.37447752526804967,36862.43148778726,0.49228667479371835,43.16266968869238,16.03866854722435,6.0,37.16266968869238,0.10081448289976366,98474.12884383029
2023-08-17 15:19:00+00:00,2023-08-18 13:39:00+00:00,long,279,0.36806839893734944,36245.21494029887,0.7602021655303267,16.051430205255492,15.676919592182706,6.0,10.051430205255492,0.027731743960717727,98484.18027403555
2023-08-18 14:11:00+00:00,2023-08-18 18:02:00+00:00,long,213,0.3809901330838017,37521.500949253925,0.7892166747186266,41.413294931746705,16.255418202231894,6.0,35.413294931746705,0.09438133879463279,98519.59356896729
2023-08-24 14:20:00+00:00,2023-08-24 14:22:00+00:00,long,2,0.8472419724002456,83469.9347754424,0.745790492059669,-12.892730729495959,36.059070790213894,6.0,-18.89273072949596,-0.022634174544789953,98500.7008382378
2023-08-24 14:32:00+00:00,2023-08-25 13:34:00+00:00,long,319,0.8299706222669274,81752.68796844069,0.6023319376494092,102.07131504098707,35.42382798053536,6.0,96.07131504098707,0.11751456426493752,98596.77215327878
2023-08-28 14:03:00+00:00,2023-08-28 14:04:00+00:00,short,1,0.8031273600720521,79185.7653310884,0.8532809935104505,-43.6575069349645,34.1716322352343,6.0,-49.6575069349645,-0.06271014332858751,98547.11464634382
2023-08-29 13:32:00+00:00,2023-08-29 13:33:00+00:00,long,1,1.0,98547.11464634382,0.5257489806776793,33.75475021626427,42.74781118439853,6.0,27.75475021626427,0.028163939975176123,98574.86939656008
2023-08-29 13:48:00+00:00,2023-08-30 13:34:00+00:00,long,369,0.999783309140245,98553.50912336032,0.795347510327774,-454.7648464267135,42.76630024469637,6.0,-460.7648464267135,-0.46752759036714764,98114.10455013337
2023-08-30 13:37:00+00:00,2023-08-30 13:40:00+00:00,long,3,0.532926421543552,52287.598640852506,0.4278970996535271,-79.01617243306937,22.67130162877696,6.0,-85.01617243306937,-0.16259337709696597,98029.0883777003
2023-08-30 13:43:00+00:00,2023-08-30 13:44:00+00:00,long,1,0.5241461871952513,51381.57290739794,0.5416934722767244,-13.618397018179316,22.246733305321307,6.0,-19.618397018179316,-0.03818177589373612,98009.46998068213
2023-08-30 13:45:00+00:00,2023-08-30 13:46:00+00:00,long,1,0.5201652138583159,50981.116912641715,0.5341011728094597,-22.391370612239925,22.069624594681592,6.0,-28.391370612239925,-0.05568997372279962,97981.07861006989
2023-08-30 13:47:00+00:00,2023-08-30 13:48:00+00:00,long,1,0.51632451743076,50590.0331306897,0.5144685770485546,-4.2324444598091375,21.914843331142823,6.0,-10.232444459809138,-0.020226206283311912,97970.84616561008
2023-08-30 14:02:00+00:00,2023-08-30 15:10:00+00:00,short,68,0.4938217596712018,48380.13564997818,0.711614884782132,45.661571189993815,20.858823066069725,6.0,39.661571189993815,0.08197904089591303,98010.50773680008
2023-08-30 15:11:00+00:00,2023-08-30 15:55:00+00:00,long,43,0.4260291251901555,41755.33087055191,0.5097104561390382,-28.433696001535125,18.080015945232947,6.0,-34.433696001535125,-0.0824653889303021,97976.07404079854
2023-08-30 15:56:00+00:00,2023-08-30 15:59:00+00:00,long,3,0.40673991493023287,39850.7800205526,0.526499308990847,-14.414335961879619,17.246490282207127,6.0,-20.41433596187962,-0.05122694198545462,97955.65970483667
2023-08-30 16:00:00+00:00,2023-08-30 16:11:00+00:00,long,11,0.4059381504608744,39763.9393277562,0.5307825136118052,-25.473387831060442,17.187421120322142,6.0,-31.473387831060442,-0.07915057804419104,97924.1863170056
2023-08-30 16:12:00+00:00,2023-08-30 16:13:00+00:00,long,1,0.4038872012007923,39550.32554144032,0.526970102861981,-18.41378820105058,17.116919033965424,6.0,-24.41378820105058,-0.06172841276734911,97899.77252880455
2023-08-30 16:19:00+00:00,2023-08-30 16:20:00+00:00,long,1,0.4033280249472118,39485.72189682404,0.5520339740634824,-24.078684057022947,17.083118566657042,6.0,-30.078684057022947,-0.07617610268242878,97869.69384474753
2023-08-30 16:21:00+00:00,2023-08-30 16:24:00+00:00,long,3,0.4028539530101229,39427.19304524703,0.5073715286586319,-23.493631949999408,17.066783590648384,6.0,-29.493631949999408,-0.07480530484671385,97840.20021279753
2023-08-30 16:25:00+00:00,2023-08-30 16:26:00+00:00,long,1,0.4021471389202733,39346.15658696324,0.5230241309991724,-17.265494746605636,17.03133428666594,6.0,-23.265494746605636,-0.05913028555961755,97816.93471805092
2023-08-30 16:27:00+00:00,2023-08-30 16:28:00+00:00,long,1,0.40197701691879667,39320.15962210279,0.5281619553794294,-19.227234729654977,17.015338942363535,6.0,-25.227234729654977,-0.06415852573363959,97791.70748332127
2023-08-30 16:29:00+00:00,2023-08-30 16:31:00+00:00,long,1,0.4016379726327034,39276.86313389152,0.5262839039073286,-20.242469605965322,17.000445704971952,6.0,-26.242469605965322,-0.0668140668884553,97765.46501371531
2023-08-30 16:32:00+00:00,2023-08-30 16:33:00+00:00,long,1,0.4016106203319025,39263.64905119511,0.5246608085720406,-17.417184746649102,16.989255719585017,6.0,-23.417184746649102,-0.05964087728095748,97742.04782896866
2023-08-30 16:34:00+00:00,2023-08-30 16:39:00+00:00,long,5,0.4009426527580557,39188.95594255145,0.5247170535388237,-23.431873029003842,16.953816124857436,6.0,-29.431873029003842,-0.07510246782830632,97712.61595593965
2023-08-30 16:40:00+00:00,2023-08-30 16:41:00+00:00,long,1,0.40027084890584297,39111.51173749458,0.5161783941242638,-10.358924175459801,16.930055937920525,6.0,-16.3589241754598,-0.04182636632727541,97696.2570317642
2023-08-30 16:42:00+00:00,2023-08-30 16:43:00+00:00,long,1,0.39943240397988133,39023.050806033956,0.5065481155736599,-20.720791115485973,16.894537947419913,6.0,-26.720791115485973,-0.06847437748602234,97669.53624064871
2023-08-30 16:44:00+00:00,2023-08-30 16:45:00+00:00,long,1,0.3991454741905651,38984.35335674632,0.523848063468443,-20.596658378974183,16.876166515223193,6.0,-26.596658378974183,-0.06822393111304893,97642.93958226974
2023-08-30 16:46:00+00:00,2023-08-30 16:47:00+00:00,long,1,0.39902258475479624,38961.73813517368,0.5139901127985672,-16.26278239055478,16.86356051538875,6.0,-22.26278239055478,-0.05714011606288298,97620.67679987919
2023-08-30 16:48:00+00:00,2023-08-30 16:49:00+00:00,long,1,0.3992392220505607,38974.00306163299,0.5323659021119906,-9.92100996697547,16.86870636105504,6.0,-15.92100996697547,-0.04085033282775236,97604.75578991222
2023-08-30 16:50:00+00:00,2023-08-30 16:51:00+00:00,long,1,0.398587093346346,38903.99590708105,0.5272885175347997,-15.42388656616658,16.83635897640761,6.0,-21.42388656616658,-0.055068601737815685,97583.33190334606
2023-08-30 16:52:00+00:00,2023-08-30 16:53:00+00:00,long,1,0.39892644872795796,38928.572051243485,0.5227604205973522,-16.72214005663966,16.846633807068898,6.0,-22.72214005663966,-0.058368799211873094,97560.60976328942
2023-08-30 16:54:00+00:00,2023-08-30 16:55:00+00:00,long,1,0.3989664683413267,38923.41192648594,0.5304233499437392,-25.355014783844226,16.848149187498024,6.0,-31.355014783844226,-0.08055566876579055,97529.25474850558
2023-08-30 16:56:00+00:00,2023-08-30 16:57:00+00:00,long,1,0.3993010294587833,38943.53182342621,0.5223230371323592,-19.31601879789575,16.859259614100374,6.0,-25.31601879789575,-0.06500699246457939,97503.93872970769
2023-08-30 16:58:00+00:00,2023-08-30 16:59:00+00:00,long,1,0.39890925254192633,38895.223318561475,0.5324467260000615,-10.517761099824522,16.83257088977801,6.0,-16.517761099824522,-0.04246732552359961,97487.42096860787
2023-08-30 17:00:00+00:00,2023-08-30 17:01:00+00:00,long,1,0.39986956981607397,38982.253085195734,0.5350980073076163,-20.964603294140694,16.86752159234934,6.0,-26.964603294140694,-0.06917148486827979,97460.45636531373
2023-08-30 17:02:00+00:00,2023-08-30 17:03:00+00:00,long,1,0.40004710634136253,38988.77355165238,0.5349584694801301,-19.54010656133498,16.871985011747107,6.0,-25.54010656133498,-0.06550630921359815,97434.91625875239
2023-08-30 17:04:00+00:00,2023-08-30 17:05:00+00:00,long,1,0.40106041575463053,39077.288023752844,0.5325473143406103,-10.493615634889725,16.907843611194924,6.0,-16.493615634889725,-0.04220767732106742,97418.4226431175
2023-08-30 17:06:00+00:00,2023-08-30 17:07:00+00:00,long,1,0.4007314252698238,39038.62335331456,0.5163647622679507,-17.363642117601728,16.899006526724374,6.0,-23.363642117601728,-0.059847505139081825,97395.0590009999
2023-08-30 17:08:00+00:00,2023-08-30 17:09:00+00:00,long,1,0.40171717070228613,39125.26754226391,0.5243116071165913,-19.769965355249838,16.936049815921162,6.0,-25.769965355249838,-0.0658652757515654,97369.28903564464
2023-08-30 17:10:00+00:00,2023-08-30 17:12:00+00:00,long,1,0.4020142933494538,39143.845925603404,0.5231467803035481,-13.364601423168706,16.944626086700648,6.0,-19.364601423168708,-0.04947035981076814,97349.92443422148
2023-08-30 17:24:00+00:00,2023-08-30 17:25:00+00:00,long,1,0.4040660297761152,39335.797465140706,0.5098994852304227,-18.745228964954947,17.029366066799863,6.0,-24.745228964954947,-0.06290765806104252,97325.17920525653
2023-08-30 17:26:00+00:00,2023-08-30 17:27:00+00:00,long,1,0.4049974514321702,39416.449538308145,0.5187897939569871,-22.6010954462612,17.065749705784977,6.0,-28.6010954462612,-0.07256131838679256,97296.57810981027
2023-08-30 17:28:00+00:00,2023-08-30 17:29:00+00:00,long,1,0.40526384492957707,39430.78534327263,0.5031152603280301,-9.996192190054089,17.065151965262718,6.0,-15.996192190054089,-0.04056777477495317,97280.58191762022
2023-08-30 17:30:00+00:00,2023-08-30 17:31:00+00:00,long,1,0.40622838399669714,39518.13358665318,0.5430397416793701,-16.09700998103539,17.100648760319913,6.0,-22.09700998103539,-0.05591612754833749,97258.48490763918
2023-08-30 17:32:00+00:00,2023-08-30 17:33:00+00:00,long,1,0.4058248905768595,39469.913995313815,0.5146944167975673,-9.95675625268606,17.087361944887622,6.0,-15.95675625268606,-0.04042764383672225,97242.5281513865
2023-08-30 17:34:00+00:00,2023-08-30 17:35:00+00:00,long,1,0.4065927686548749,39538.10875207186,0.5170977134578395,-10.93997690174772,17.114422607346732,6.0,-16.93997690174772,-0.042844681843463336,97225.58817448476
2023-08-31 14:45:00+00:00,2023-08-31 14:46:00+00:00,short,1,0.5513730456408611,53607.56866598975,0.7978849001365083,-17.20405369903598,23.106800464382854,6.0,-23.20405369903598,-0.043285032834845444,97202.38412078572
2023-08-31 14:47:00+00:00,2023-08-31 14:48:00+00:00,short,1,0.551677511471049,53624.36938080808,0.7672817438563635,-21.830583744523953,23.11805035693382,6.0,-27.830583744523953,-0.051899134788677616,97174.5535370412
2023-08-31 14:49:00+00:00,2023-08-31 14:50:00+00:00,short,1,0.5514185664924193,53583.85301093611,0.7802984887245661,-29.78542413827367,23.097701493254284,6.0,-35.78542413827367,-0.06678396966147639,97138.76811290292
2023-08-31 14:51:00+00:00,2023-08-31 14:52:00+00:00,short,1,0.5517483177256546,53596.151892236645,0.758429965121398,-36.76765871884082,23.11218634698656,6.0,-42.76765871884082,-0.07979613686600451,97096.00045418408
2023-08-31 14:53:00+00:00,2023-08-31 14:54:00+00:00,short,1,0.5516024803127593,53558.394678976736,0.7765615714832531,1.7062288590035284,23.090130754755013,6.0,-4.293771140996472,-0.00801698999145302,97091.70668304308
2023-08-31 14:55:00+00:00,2023-08-31 14:56:00+00:00,short,1,0.5522720303991451,53621.03398476245,0.7252034659227089,-32.6018549151826,23.130944482958164,6.0,-38.6018549151826,-0.07199013530054668,97053.1048281279
2023-08-31 14:57:00+00:00,2023-08-31 14:58:00+00:00,short,1,0.5520552543937693,53578.67647559731,0.7625413057898895,-37.628364370223494,23.10086724377421,6.0,-43.628364370223494,-0.08142859667333191,97009.47646375769
2023-08-31 14:59:00+00:00,2023-08-31 15:00:00+00:00,short,1,0.5524363439827807,53591.56050932191,0.7368327369423119,-10.657793130783345,23.112556920578264,6.0,-16.657793130783347,-0.031082866355208728,96992.8186706269
2023-09-01 13:34:00+00:00,2023-09-01 14:01:00+00:00,short,27,0.5755159532629005,55820.914496881494,0.7756744615335741,4.905931207398773,24.094627822019227,6.0,-1.0940687926012274,-0.0019599621440496984,96991.7246018343
2023-09-01 14:02:00+00:00,2023-09-01 14:58:00+00:00,short,55,0.5766872532833902,55933.891251850844,0.792278150057611,-26.790122764531304,24.093897875117122,6.0,-32.790122764531304,-0.05862299588077789,96958.93447906977
2023-09-01 14:59:00+00:00,2023-09-01 16:38:00+00:00,short,91,0.5795931329425652,56196.73260149695,0.7559509252551778,10.701601350828291,24.237240463913786,6.0,4.701601350828291,0.008366325110337556,96963.63608042059
2023-09-01 16:53:00+00:00,2023-09-05 13:57:00+00:00,short,196,0.5803222209031257,56270.15263703212,0.7371153656926496,-83.48847380926634,24.188790510444747,6.0,-89.48847380926634,-0.159033643264676,96874.14760661132
2023-09-07 13:45:00+00:00,2023-09-07 18:53:00+00:00,long,299,0.763055307078155,73920.33244989732,0.4743722369939722,26.666455623515787,32.068468316968726,6.0,20.666455623515787,0.027957741718117088,96894.81406223484
2023-09-12 13:31:00+00:00,2023-09-12 14:17:00+00:00,long,44,1.0,96894.81406223484,0.6461827198304646,74.09357294112075,41.902355936198916,6.0,68.09357294112075,0.0702757661492438,96962.90763517596
2023-09-13 13:46:00+00:00,2023-09-13 19:09:00+00:00,short,312,0.8611710098315255,83501.64508438541,0.5886800878339704,-26.241836627284528,36.06945253571901,6.0,-32.24183662728453,-0.0386122172739249,96930.66579854867
2023-09-14 13:31:00+00:00,2023-09-18 17:11:00+00:00,long,940,0.8022201961693755,77759.73773173988,0.5879789417051619,303.59632294650794,33.92478723749177,6.0,297.59632294650794,0.3827126114714703,97228.26212149518
2023-09-21 13:58:00+00:00,2023-09-21 17:34:00+00:00,short,200,1.0,97228.26212149518,1.2774437789375286,21.27578648139192,41.751376930798045,6.0,15.275786481391918,0.0157112614666541,97243.53790797657
2023-09-21 19:35:00+00:00,2023-09-28 19:49:00+00:00,long,1807,0.19394829552308188,18860.218427886255,0.4761591164641037,-142.98040583003592,8.120045433878419,6.0,-148.98040583003592,-0.7899187721482438,97094.55750214653
2023-10-03 17:06:00+00:00,2023-10-03 18:06:00+00:00,short,54,0.8372080430192946,81288.34447419648,0.7163654931084674,-86.25066973384,35.165247874647335,6.0,-92.25066973384,-0.11348572828066797,97002.3068324127
2023-10-04 13:31:00+00:00,2023-10-11 16:21:00+00:00,short,2002,0.889336915473648,86267.73235216628,0.6791190963721206,-206.3748438754435,37.79041291502232,6.0,-212.3748438754435,-0.24618109006097058,96789.93198853725
2023-10-13 13:31:00+00:00,2023-10-19 15:50:00+00:00,short,1534,1.0,96789.93198853725,0.5327173963149622,-1044.248237759352,41.63523294309564,6.0,-1050.248237759352,-1.0850800451887206,95739.6837507779
2023-10-23 17:25:00+00:00,2023-10-24 13:32:00+00:00,long,135,0.6689980411181128,64049.660886538026,0.5673708731393368,24.939419491244536,27.909002026608732,6.0,18.939419491244536,0.029569898152614932,95758.62317026914
2023-10-24 13:44:00+00:00,2023-10-24 13:45:00+00:00,short,1,0.689222776175773,65999.0241041826,0.4524981720541809,18.699717482544344,28.708524390885763,6.0,12.699717482544344,0.019242280707813555,95771.32288775168
2023-10-24 13:47:00+00:00,2023-10-24 13:49:00+00:00,short,2,0.68814064306437,65904.13971910285,0.5664167521832892,-37.32596331264168,28.632890353972797,6.0,-43.32596331264168,-0.0657408828903707,95727.99692443904
2023-10-24 14:19:00+00:00,2023-10-24 14:21:00+00:00,short,2,0.6980046063068239,66818.58280578392,0.6496702211567028,-19.575909185845177,28.99912239876729,6.0,-25.575909185845177,-0.038276641185558465,95702.42101525319
2023-10-24 14:24:00+00:00,2023-10-24 14:32:00+00:00,short,8,0.7024877536046711,67229.77875353368,0.7015344698165992,-6.172130459903068,29.150623615103488,6.0,-12.172130459903068,-0.01810526627571757,95690.24888479328
2023-10-24 14:41:00+00:00,2023-10-24 14:42:00+00:00,short,1,0.6995489324427346,66940.01145253672,0.5051872539965917,-30.75017241476548,29.109333980815784,6.0,-36.75017241476548,-0.054900158540939145,95653.49871237852
2023-10-24 14:48:00+00:00,2023-10-24 14:52:00+00:00,short,4,0.7030245320972309,67246.756175733,0.531026458302194,-2.3943475773304,29.213125001585205,6.0,-8.3943475773304,-0.012482903346882368,95645.1043648012
2023-10-24 15:10:00+00:00,2023-10-24 15:17:00+00:00,short,6,0.7093348163093983,67844.4025354995,0.5584255665455076,-7.891936082180123,29.473529060319937,6.0,-13.891936082180123,-0.020476171302284202,95631.21242871902
2023-10-24 17:50:00+00:00,2023-10-24 17:51:00+00:00,short,1,0.757052932579352,72397.88981528071,0.5107790297878521,-44.88838582112084,31.50442856876601,6.0,-50.88838582112084,-0.07028987440236145,95580.3240428979
2023-10-24 18:04:00+00:00,2023-10-24 18:10:00+00:00,short,5,0.7522650199796244,71901.73437578956,0.5990769100243443,-71.18103542209651,31.249812632423648,6.0,-77.18103542209651,-0.10734238345171904,95503.14300747581
2023-10-24 18:34:00+00:00,2023-10-24 19:17:00+00:00,short,41,0.7566136594928466,72258.98252395494,0.501490124267966,14.189156166619275,31.442387641186485,6.0,8.189156166619275,0.011333063213150623,95511.33216364242
2023-10-25 13:31:00+00:00,2023-10-25 13:34:00+00:00,long,3,0.7407731037694129,70752.22597201275,0.6768385364309674,260.61111709116204,30.87107508673766,6.0,254.61111709116204,0.35986304825501575,95765.94328073358
2023-10-25 13:42:00+00:00,2023-10-26 15:30:00+00:00,short,496,0.39473059982676995,37801.7482341804,1.674641293675608,-1258.4728652550316,15.905667003030317,6.0,-1264.4728652550316,-3.3450116048116882,94501.47041547856
2023-10-26 15:35:00+00:00,2023-10-27 13:40:00+00:00,short,275,0.1443041351400415,13636.952957767851,0.44699755423760124,-64.90783307916324,5.940445850360326,6.0,-70.90783307916324,-0.519968304494098,94430.56258239939
2023-11-01 13:33:00+00:00,2023-11-07 19:48:00+00:00,short,1804,1.0,94430.56258239939,0.17899981708832624,-1825.803090241372,42.03706736942935,6.0,-1831.803090241372,-1.9398413396541556,92598.75949215802
2023-11-09 15:42:00+00:00,2023-11-10 14:30:00+00:00,long,309,1.0,92598.75949215802,0.20919269334762225,253.56428828162188,40.589296520336895,6.0,247.56428828162188,0.2673516250534518,92846.32378043963
2023-11-14 14:32:00+00:00,2023-11-14 14:43:00+00:00,short,11,1.0,92846.32378043963,0.37242357964641115,102.42783985536813,40.28707833081437,6.0,96.42783985536813,0.10385746675700158,92942.751620295
2023-11-14 14:52:00+00:00,2023-11-20 15:09:00+00:00,short,1477,1.0,92942.751620295,0.34529618135070506,-274.6485977192764,40.537288109826775,6.0,-280.6485977192764,-0.301958563553001,92662.10302257573
2023-11-21 14:43:00+00:00,2023-11-21 16:15:00+00:00,short,89,0.856883557355133,79400.63246999252,0.6541331963084519,179.6794006146743,34.223780991301815,6.0,173.6794006146743,0.2187380568792221,92835.78242319041
2023-11-22 14:31:00+00:00,2023-11-22 14:41:00+00:00,short,10,1.0,92835.78242319041,0.4570177023804494,1.093199932855672,40.189198822805466,6.0,-4.906800067144328,-0.005285462069761807,92830.87562312327
2023-11-22 14:51:00+00:00,2023-11-24 17:13:00+00:00,short,502,1.0,92830.87562312327,0.46983228591199094,-195.73891000129672,40.222374772895236,6.0,-201.73891000129672,-0.2173187623698828,92629.13671312197
2023-11-29 17:34:00+00:00,2023-11-30 14:32:00+00:00,short,187,0.9486971982542148,87877.00247644544,0.45620494314808413,127.53456173203713,37.92124169151493,6.0,121.53456173203713,0.13830075936490127,92750.67127485402
2023-11-30 20:56:00+00:00,2023-12-01 14:34:00+00:00,short,8,1.0,92750.67127485402,0.5372441257704028,195.4896324933666,39.94257080708569,6.0,189.4896324933666,0.20430001194475436,92940.16090734738
2023-12-01 14:59:00+00:00,2023-12-01 15:06:00+00:00,long,7,0.6152016727446087,57176.94245535319,0.6896758439612557,13.326524798673024,24.659157127702528,6.0,7.326524798673024,0.012813775070945714,92947.48743214605
2023-12-04 14:47:00+00:00,2023-12-05 14:44:00+00:00,short,384,0.5600721138112776,52057.2957595692,0.75165242687058,-156.4452752968507,22.284491631189816,6.0,-162.4452752968507,-0.31205092951258406,92785.0421568492
2023-12-07 14:48:00+00:00,2023-12-07 15:07:00+00:00,long,19,0.3764681089618766,34930.60936073702,0.7916087990785731,41.10522191275988,15.057701066816415,6.0,35.10522191275988,0.10049988407078614,92820.14737876196
2023-12-11 14:37:00+00:00,2023-12-11 14:39:00+00:00,short,1,0.3293459672718468,30569.941220773733,0.8641526899632492,5.870586520338059,13.157670573125255,6.0,-0.12941347966194083,-0.00042333571637356696,92820.0179652823
2023-12-12 16:54:00+00:00,2023-12-12 16:58:00+00:00,short,3,0.39783762013447277,36927.295048146916,0.9996962552178532,-9.862757747804286,15.864504828452231,6.0,-15.862757747804286,-0.0429567281522298,92804.1552075345
2023-12-12 16:59:00+00:00,2023-12-12 17:00:00+00:00,short,1,0.3976541616465107,36903.958536364786,0.9157970963008488,-11.607883026582739,15.867493018903811,6.0,-17.60788302658274,-0.047712721683317826,92786.54732450792
2023-12-12 17:01:00+00:00,2023-12-12 17:02:00+00:00,short,1,0.39735218884636275,36868.93767488984,0.9172208689278436,-11.779707401288965,15.850779996928946,6.0,-17.779707401288967,-0.04822408380211646,92768.76761710663
2023-12-12 17:03:00+00:00,2023-12-12 17:06:00+00:00,short,3,0.3964063220977803,36774.1259766409,0.9874400921712216,-21.567577973867067,15.79047822904332,6.0,-27.567577973867067,-0.07496460416592396,92741.20003913276
2023-12-12 17:07:00+00:00,2023-12-12 17:08:00+00:00,short,1,0.39605942626208396,36731.02647835608,0.8653836092183759,-15.077410529683776,15.794491555200931,6.0,-21.077410529683775,-0.057383124160997064,92720.12262860307
2023-12-12 17:09:00+00:00,2023-12-12 17:10:00+00:00,short,1,0.39584095065462116,36702.42148611929,0.884199695562059,-17.711747175536456,15.78085939495783,6.0,-23.711747175536456,-0.06460540262855448,92696.41088142754
2023-12-12 17:11:00+00:00,2023-12-12 17:14:00+00:00,short,3,0.3950836307309,36622.8345667577,0.9447078757618927,-12.968263574393177,15.742730388535001,6.0,-18.968263574393177,-0.05179354301430982,92677.44261785314
2023-12-12 17:15:00+00:00,2023-12-12 17:16:00+00:00,short,1,0.3949597923432638,36603.86349125202,0.8841931456510278,-20.57390111937982,15.738325114678714,6.0,-26.57390111937982,-0.07259862371011938,92650.86871673376
2023-12-12 17:17:00+00:00,2023-12-12 17:18:00+00:00,short,1,0.3955972408247501,36652.428024356035,0.8712790716537686,-17.65828743861419,15.76042655962371,6.0,-23.65828743861419,-0.06454766768218721,92627.21042929516
2023-12-12 17:19:00+00:00,2023-12-12 17:22:00+00:00,short,3,0.3945166320270842,36542.97509262953,0.9714498689644921,-11.933261314182548,15.7006122706857,6.0,-17.93326131418255,-0.049074442539845546,92609.27716798097
2023-12-12 17:24:00+00:00,2023-12-12 17:25:00+00:00,short,1,0.3947714712524705,36559.500599231666,0.8960808216172319,-13.650147564382072,15.718196758214129,6.0,-19.650147564382074,-0.05374840258292544,92589.62702041658
2023-12-12 17:26:00+00:00,2023-12-12 17:27:00+00:00,short,1,0.39509730412083227,36581.91202531996,0.8887615107465778,-5.804723101088056,15.729997746592481,6.0,-11.804723101088056,-0.032269289513674096,92577.82229731549
2023-12-12 17:28:00+00:00,2023-12-12 17:33:00+00:00,short,5,0.39416000645232663,36490.47503405222,0.9622972105996079,-10.652114544329027,15.68547639959715,6.0,-16.652114544329027,-0.045634140220946945,92561.17018277117
2023-12-12 17:34:00+00:00,2023-12-12 17:37:00+00:00,short,3,0.3941645498607449,36484.3319796758,0.9411705259148143,-20.80158492683966,15.676065092837444,6.0,-26.80158492683966,-0.07346053352921447,92534.36859784432
2023-12-12 17:38:00+00:00,2023-12-12 17:39:00+00:00,short,1,0.3948412260374534,36536.38354777448,0.8590854835374706,-15.208441242248625,15.711700065304758,6.0,-21.208441242248625,-0.058047456214479334,92513.16015660207
2023-12-12 17:41:00+00:00,2023-12-12 17:42:00+00:00,short,1,0.39465889898363693,36511.14192890144,0.8487520938251224,-15.612887425646658,15.702758340764603,6.0,-21.612887425646658,-0.05919532034285227,92491.54726917642
2023-12-12 17:43:00+00:00,2023-12-12 17:46:00+00:00,short,3,0.3946769743994461,36504.2840337219,0.9597233637643799,-11.592411233442336,15.681192524468754,6.0,-17.592411233442334,-0.04819273052223358,92473.95485794297
2023-12-12 18:01:00+00:00,2023-12-12 18:02:00+00:00,short,1,0.39662191738931674,36677.19728433046,0.8908019626635528,-13.460448646919716,15.772864918364395,6.0,-19.460448646919716,-0.053058712463925836,92454.49440929605
2023-12-12 18:03:00+00:00,2023-12-12 18:04:00+00:00,short,1,0.3965872312121872,36666.271950905364,0.8570568525222356,-13.77739343042063,15.770462510446905,6.0,-19.77739343042063,-0.05393892637053952,92434.71701586562
2023-12-12 18:09:00+00:00,2023-12-12 18:11:00+00:00,short,1,0.3972739889724246,36721.908748430185,0.8307961204851457,-20.263330885880357,15.794906465611694,6.0,-26.263330885880357,-0.07151951459223393,92408.45368497974
2023-12-12 18:12:00+00:00,2023-12-12 18:13:00+00:00,short,1,0.3981413087825053,36791.62269270536,0.842553887936282,-18.770034625712455,15.824073366644212,6.0,-24.770034625712455,-0.06732520289360217,92383.68365035403
2023-12-12 18:14:00+00:00,2023-12-12 18:17:00+00:00,short,3,0.3985913788284419,36823.3398474452,0.8021211942111666,-10.25331494398159,15.847384236330267,6.0,-16.25331494398159,-0.04413862243706621,92367.43033541004
2023-12-12 18:18:00+00:00,2023-12-12 18:21:00+00:00,short,3,0.39931169808887007,36883.395455337995,0.7536166030805599,-19.54036056326915,15.87517348833037,6.0,-25.54036056326915,-0.06924622922582034,92341.88997484677
2023-12-12 18:25:00+00:00,2023-12-12 18:26:00+00:00,short,1,0.40086618079616176,37016.7407617162,0.8494788216605073,-9.36223752711635,15.922042465337999,6.0,-15.36223752711635,-0.041500783729194295,92326.52773731964
2023-12-12 18:27:00+00:00,2023-12-12 18:31:00+00:00,short,3,0.40107807031790454,37030.145584036654,0.7546044673196031,-13.276521709048748,15.947930952093294,6.0,-19.276521709048748,-0.052056294689153675,92307.2512156106
2023-12-12 18:32:00+00:00,2023-12-12 18:36:00+00:00,short,3,0.4018725877855981,37095.75391739272,0.8140602489205447,-21.0032934121528,15.955495102889575,6.0,-27.0032934121528,-0.07279348863561452,92280.24792219844
2023-12-12 18:37:00+00:00,2023-12-12 18:41:00+00:00,short,3,0.4029197660111226,37181.53590026058,0.7841085593919835,-15.874017673577173,15.999797693712004,6.0,-21.87401767357717,-0.058830323019076446,92258.37390452487
2023-12-12 18:42:00+00:00,2023-12-12 18:43:00+00:00,short,1,0.40404114494539206,37276.179023184304,0.8386301102137345,-13.768172098938475,16.03571609681803,6.0,-19.768172098938475,-0.053031648138194255,92238.60573242593
2023-12-12 18:46:00+00:00,2023-12-12 18:49:00+00:00,short,3,0.40500106822657883,37356.73385336274,0.8253627635397245,-19.85542365650217,16.074343126709266,6.0,-25.85542365650217,-0.06921221688703585,92212.75030876943
2023-12-12 18:50:00+00:00,2023-12-12 18:57:00+00:00,short,7,0.4064766838705017,37482.33295608718,0.8468075482426675,-17.12966380684381,16.12059194802917,6.0,-23.12966380684381,-0.061708175512825224,92189.62064496259
2023-12-12 18:58:00+00:00,2023-12-12 19:01:00+00:00,short,3,0.4096103945851024,37761.826889034026,0.8586579884651021,-18.68399783896472,16.23753274378301,6.0,-24.68399783896472,-0.06536759440029348,92164.93664712363
2023-12-12 19:02:00+00:00,2023-12-12 19:06:00+00:00,short,3,0.4111678846197704,37895.262037312976,0.8181011835296189,-14.843339784190386,16.302256231397838,6.0,-20.843339784190384,-0.055002495466761295,92144.09330733944
2023-12-12 19:07:00+00:00,2023-12-12 19:11:00+00:00,short,3,0.4128897341754588,38045.350191506055,0.8438273085747164,-27.075876002033517,16.35770645438951,6.0,-33.07587600203352,-0.08693802484545926,92111.0174313374
2023-12-12 19:12:00+00:00,2023-12-12 19:15:00+00:00,short,3,0.41411676247301843,38144.71632676121,0.8203553041688174,-19.751740763117937,16.40964832417995,6.0,-25.751740763117937,-0.06751063644704909,92085.26569057428
2023-12-12 19:16:00+00:00,2023-12-12 19:24:00+00:00,short,7,0.41564690331887993,38274.9555255835,0.8441732678133151,1.1454686439636852,16.455284813463887,6.0,-4.854531356036315,-0.012683310246543539,92080.41115921825
2023-12-12 19:31:00+00:00,2023-12-12 19:32:00+00:00,short,1,0.42143543263639016,38805.94791422183,0.8786173594878975,-7.993333666237491,16.686101663811193,6.0,-13.99333366623749,-0.03605976510912424,92066.41782555201
2023-12-12 19:35:00+00:00,2023-12-12 19:36:00+00:00,short,1,0.4227347024618585,38919.669746213876,0.8743556951052338,-11.530233871749246,16.735860253329747,6.0,-17.530233871749246,-0.04504209307545472,92048.88759168026
2023-12-12 19:39:00+00:00,2023-12-12 19:40:00+00:00,short,1,0.4234330590328716,38976.54205351811,0.8442013243133147,-18.63187145361323,16.765249832104764,6.0,-24.63187145361323,-0.06319665664489059,92024.25572022665
2023-12-12 19:56:00+00:00,2023-12-12 19:57:00+00:00,short,1,0.42855831237504505,39437.759729029916,0.8995925709981027,-20.268929720703085,16.9529515822729,6.0,-26.268929720703085,-0.06660857488151557,91997.98679050595
2023-12-12 19:58:00+00:00,2023-12-12 19:59:00+00:00,short,1,0.42912210656289435,39478.36989108724,0.8202155390450343,-14.599574051194228,16.983027695260212,6.0,-20.599574051194228,-0.05217939369843346,91977.38721645475
2023-12-12 20:04:00+00:00,2023-12-12 20:05:00+00:00,short,1,0.431445137945392,39683.196515460055,0.8969215666311646,-16.88519044726054,17.059021812538358,6.0,-22.88519044726054,-0.05766972536686849,91954.5020260075
2023-12-13 14:32:00+00:00,2023-12-13 14:33:00+00:00,long,1,0.46152232685917766,42439.05574021995,0.6370692765802086,-30.333304277757104,18.294458858143024,6.0,-36.33330427775711,-0.08561289511284684,91918.16872172974
2023-12-13 14:34:00+00:00,2023-12-13 14:41:00+00:00,long,7,0.4618032028230741,42448.1047133265,0.5629214939696999,-13.441022504490334,18.310470108012744,6.0,-19.441022504490334,-0.045799506564039506,91898.72769922526
2023-12-13 15:09:00+00:00,2023-12-13 15:10:00+00:00,short,1,0.4754152556791759,43690.057125718144,0.8007530945167611,-9.85750177122323,18.796574601276053,6.0,-15.85750177122323,-0.03629544755593536,91882.87019745403
2023-12-13 15:17:00+00:00,2023-12-13 15:26:00+00:00,short,9,0.47526997458908027,43669.16938391574,0.6072677672563032,-7.362590374538502,18.826165143504255,6.0,-13.362590374538502,-0.030599598213242457,91869.50760707949
2023-12-13 15:38:00+00:00,2023-12-13 18:50:00+00:00,short,183,0.4780344617867895,43916.790623567606,0.7846215669782304,3.6019581604353377,18.916768889803212,6.0,-2.3980418395646623,-0.0054604214140314975,91867.10956523992
2023-12-13 20:32:00+00:00,2023-12-14 14:38:00+00:00,short,36,0.6533228837475179,60018.88494271173,0.6143120865266799,-56.59717686523004,25.79475740064508,6.0,-62.59717686523004,-0.10429580110490108,91804.5123883747
2023-12-14 14:53:00+00:00,2023-12-14 15:06:00+00:00,long,13,0.5932877064411047,54466.48859584281,0.8328443355155808,-12.284884340181875,23.393091153369515,6.0,-18.284884340181875,-0.033570888837466714,91786.22750403451
2023-12-14 15:07:00+00:00,2023-12-14 15:10:00+00:00,long,3,0.5780264152132495,53054.864050104836,0.7626577548079374,-18.404678102439313,22.853540386521864,6.0,-24.404678102439313,-0.045998945694011424,91761.82282593207
2023-12-14 17:52:00+00:00,2023-12-14 18:18:00+00:00,short,26,0.632998613311499,58085.10660375046,0.7019813718910678,31.783593219364562,24.984609714062238,6.0,25.783593219364562,0.044389336143010126,91787.60641915145
2023-12-14 19:06:00+00:00,2023-12-14 19:53:00+00:00,long,45,0.6589465625265523,60483.12773243995,0.7057462948793674,10.25138811801051,26.09950495019047,6.0,4.25138811801051,0.007029048062490145,91791.85780726945
2023-12-15 16:04:00+00:00,2023-12-18 14:31:00+00:00,long,282,1.0,91791.85780726945,0.7950910134158459,-163.1196155209621,39.65543703571073,6.0,-169.1196155209621,-0.18424250207034015,91622.73819174849
2023-12-18 14:41:00+00:00,2023-12-20 14:31:00+00:00,long,743,1.0,91622.73819174849,0.7577028592747631,-168.89501987123808,39.5493181536345,6.0,-174.89501987123808,-0.19088604348979069,91447.84317187725
2023-12-27 20:51:00+00:00,2023-12-28 14:33:00+00:00,long,13,1.0,91447.84317187725,0.4079594780157167,52.71472244406313,39.611021263770695,6.0,46.71472244406313,0.05108346006177782,91494.5578943213
2023-12-28 17:52:00+00:00,2023-12-29 16:30:00+00:00,short,284,1.0,91494.5578943213,0.38364234531041186,-14.867981352723874,39.53014541197968,6.0,-20.867981352723874,-0.022807893532669953,91473.68991296858
2024-01-02 20:58:00+00:00,2024-01-02 21:00:00+00:00,short,2,0.645214970727581,59020.194159539846,0.6063877523633239,-48.72173762602594,25.458272059545315,6.0,-54.72173762602594,-0.09271697324157462,91418.96817534255
2024-01-03 15:08:00+00:00,2024-01-03 15:10:00+00:00,short,2,0.5859497284207238,53566.91957484476,0.3694076517208735,-28.291493182984404,23.20773672304887,6.0,-34.291493182984404,-0.06401617538427173,91384.67668215957
2024-01-03 19:03:00+00:00,2024-01-03 19:26:00+00:00,long,22,0.628363794608185,57422.82220904391,0.43454548195440656,36.56825387316835,24.87172305392522,6.0,30.568253873168352,0.053233632025062594,91415.24493603273
2024-01-03 20:47:00+00:00,2024-01-03 20:50:00+00:00,short,3,0.9154413662010241,83685.29671584305,0.44521256477431825,-16.80156821299431,36.17269552693234,6.0,-22.80156821299431,-0.027246803330838388,91392.44336781974
2024-01-03 20:55:00+00:00,2024-01-03 20:58:00+00:00,short,3,0.9155264981875585,83672.20363734476,0.5074695780852567,-34.31925955564498,36.15069204287668,6.0,-40.31925955564498,-0.04818716109163115,91352.12410826409
2024-01-03 20:59:00+00:00,2024-01-04 14:37:00+00:00,short,9,0.9102316528634076,83151.59491964837,0.5274313359112117,29.350114311492405,35.96170368452477,6.0,23.350114311492405,0.028081378756542492,91375.47422257559
2024-01-04 14:49:00+00:00,2024-01-10 15:04:00+00:00,short,1491,0.9204555623862347,84107.0635138497,0.4020892033620649,-432.72397746568225,36.61984222851461,6.0,-438.72397746568225,-0.5216256032924496,90936.75024510991
2024-01-17 14:31:00+00:00,2024-01-22 14:34:00+00:00,short,1141,0.8773461055927985,79783.00368281214,0.5647306403199472,151.1624807610641,34.74832640281507,6.0,145.1624807610641,0.18194662278970683,91081.91272587098
2024-01-24 14:32:00+00:00,2024-01-24 17:06:00+00:00,short,150,0.8757453992764399,79764.56602697974,0.4405224448606712,208.68760850231752,34.37749537085958,6.0,202.68760850231752,0.25410732935444047,91284.60033437329
2024-01-25 14:31:00+00:00,2024-01-25 15:10:00+00:00,short,39,0.9697135060764023,88519.90984102825,0.7025717818348637,203.81802976996983,38.03163664467283,6.0,197.81802976996983,0.2234729227867817,91482.41836414326
2024-01-25 16:46:00+00:00,2024-01-26 14:33:00+00:00,short,254,0.7017034531456026,64193.52886823001,0.42263316561118836,101.48575045460134,27.57926629383814,6.0,95.48575045460134,0.14874669166514407,91577.90411459786
2024-01-26 14:40:00+00:00,2024-01-29 14:34:00+00:00,long,366,1.0,91577.90411459786,0.7542380603364143,-33.63893188110211,39.48650530539983,6.0,-39.63893188110211,-0.043284384223839775,91538.26518271676
2024-01-30 14:40:00+00:00,2024-01-31 14:31:00+00:00,short,376,1.0,91538.26518271676,0.7404823522263028,1008.2723325676998,39.62291944017994,6.0,1002.2723325676998,1.0949217035816599,92540.53751528446
2024-02-07 15:58:00+00:00,2024-02-08 14:52:00+00:00,short,297,1.0,92540.53751528446,0.26183865192768924,123.59321338256939,39.84173929969609,6.0,117.59321338256939,0.12707210973693242,92658.13072866703
2024-02-13 19:14:00+00:00,2024-02-14 14:32:00+00:00,long,103,0.77408945940377,71725.68232511771,0.4589350092290263,26.70602913577011,30.95704975488065,6.0,20.70602913577011,0.02886836132407072,92678.8367578028
2024-02-15 17:56:00+00:00,2024-02-15 17:59:00+00:00,short,3,1.0,92678.8367578028,0.49706567217866693,-18.5236621004557,39.76720306089203,6.0,-24.5236621004557,-0.02646090839977122,92654.31309570234
2024-02-20 14:33:00+00:00,2024-02-20 14:41:00+00:00,short,8,1.0,92654.31309570234,0.8034095857080424,-61.45957972303732,39.622297602021206,6.0,-67.45957972303732,-0.07280781376400529,92586.8535159793
2024-02-20 14:43:00+00:00,2024-02-20 14:44:00+00:00,short,1,1.0,92586.8535159793,0.45182290175565615,-129.3564011464336,39.847801938029576,6.0,-135.3564011464336,-0.1461939746370934,92451.49711483286
2024-02-20 15:46:00+00:00,2024-02-20 15:53:00+00:00,short,7,0.8036968905782386,74302.98076049416,0.49281304753911576,60.867665173615045,31.92839436374223,6.0,54.867665173615045,0.07384315489370973,92506.36478000648
2024-02-22 14:31:00+00:00,2024-02-27 14:36:00+00:00,short,1059,1.0,92506.36478000648,0.4389308174881677,336.24801209667066,39.930977011754024,6.0,330.24801209667066,0.35700031331038484,92836.61279210314
2024-02-28 14:41:00+00:00,2024-02-28 15:15:00+00:00,long,32,0.6023552974364649,55920.62551138121,0.6574165914832661,41.204795611718396,23.947304396733237,6.0,35.204795611718396,0.06295493887948976,92871.81758771486
2024-02-29 20:59:00+00:00,2024-03-01 14:34:00+00:00,long,6,0.8485569394527348,78807.025293644,0.7899984513039461,-35.27419591561414,33.75086838474177,6.0,-41.27419591561414,-0.052373751910850294,92830.54339179925
2024-03-01 16:36:00+00:00,2024-03-05 14:35:00+00:00,long,617,0.35669832535885704,33112.49937000751,0.6160180360823262,91.01280165274562,14.10417052617754,6.0,85.01280165274562,0.256739307724225,92915.556193452
2024-03-07 15:16:00+00:00,2024-03-07 20:36:00+00:00,long,284,0.7640259137714336,70989.89272428314,0.6164496728217329,128.09064909021168,30.369336449789124,6.0,122.09064909021168,0.17198314352213237,93037.6468425422
2024-03-12 13:32:00+00:00,2024-03-14 19:35:00+00:00,short,998,1.0,93037.6468425422,0.5981728820726548,249.51970655964243,40.07586589866608,6.0,243.51970655964243,0.26174319194871454,93281.16654910185
2024-03-20 13:36:00+00:00,2024-03-20 14:13:00+00:00,short,35,0.9133674844272607,85199.98443539349,0.28657121888717957,147.63915908872985,36.60984369881807,6.0,141.63915908872985,0.1662431748401712,93422.80570819059
2024-03-20 18:46:00+00:00,2024-03-22 13:44:00+00:00,short,445,1.0,93422.80570819059,0.4167614667620211,62.56277620589452,40.04822428230938,6.0,56.56277620589452,0.06054493415940679,93479.36848439649
2024-03-22 14:01:00+00:00,2024-03-22 14:12:00+00:00,long,10,1.0,93479.36848439649,0.5268348607497615,-84.14707766878246,39.994521318668966,6.0,-90.14707766878246,-0.0964352660168321,93389.22140672771
2024-03-22 14:57:00+00:00,2024-03-26 13:32:00+00:00,long,644,0.9982717115610388,93227.81789504687,0.49181288384073607,49.28425416514756,39.75237182013693,6.0,43.28425416514756,0.04642847504365671,93432.50566089286
2024-03-26 13:41:00+00:00,2024-03-26 19:07:00+00:00,long,295,0.3835061995930951,35831.94516446937,0.8059205829288689,-8.427437817342735,15.370295994684522,6.0,-14.427437817342735,-0.04026417698263518,93418.07822307551
2024-03-27 13:31:00+00:00,2024-04-02 14:00:00+00:00,long,1105,0.5614637807143609,52450.86738619788,0.7800218141707892,-4.320049448144488,22.32693396960409,6.0,-10.320049448144488,-0.019675650684968737,93407.75817362737
2024-04-09 13:57:00+00:00,2024-04-09 14:12:00+00:00,long,15,0.7308958918748406,68271.34671834281,0.85484670389157,48.19311359965596,29.16111488547547,6.0,42.19311359965596,0.061802081880303256,93449.95128722703
2024-04-09 14:43:00+00:00,2024-04-09 14:44:00+00:00,long,1,0.7211606459332627,67392.42723272857,0.7137611577192282,-31.94243741011164,28.857958968874932,6.0,-37.94243741011164,-0.056300743226065625,93412.00884981692
2024-04-09 14:45:00+00:00,2024-04-09 14:52:00+00:00,long,7,0.7202925834811589,67283.97718259951,0.6158559002069304,4.317987341377526,28.840274885354898,6.0,-1.6820126586224742,-0.002499871037732686,93410.3268371583
2024-04-09 16:15:00+00:00,2024-04-10 13:33:00+00:00,short,223,0.770413872115219,71964.61159416327,0.5466118402789613,13.64591335929562,30.850126560411738,6.0,7.645913359295619,0.010624546134444425,93417.9727505176
2024-04-10 13:38:00+00:00,2024-04-10 13:40:00+00:00,long,2,0.9747577105529196,91059.88924278956,0.4181202650529154,-31.797819255659682,39.16416764637978,6.0,-37.79781925565968,-0.041508747232143865,93380.17493126194
2024-04-10 13:50:00+00:00,2024-04-10 14:31:00+00:00,long,41,0.9564754186908686,89315.8419148053,0.4228498179303356,30.612568426391732,38.49890346378998,6.0,24.612568426391732,0.027556778169172545,93404.78749968833
2024-04-11 13:31:00+00:00,2024-04-11 14:47:00+00:00,long,76,1.0,93404.78749968833,0.4218869309037649,141.55563349128775,40.10799250380303,6.0,135.55563349128775,0.14512707230530347,93540.34313317962
2024-04-11 17:21:00+00:00,2024-04-15 13:43:00+00:00,short,544,1.0,93540.34313317962,0.49227051072597394,37.221502334287365,40.1924789650072,6.0,31.221502334287365,0.033377579436324314,93571.5646355139
2024-04-15 17:31:00+00:00,2024-04-16 13:33:00+00:00,long,153,1.0,93571.5646355139,0.585768385555469,-35.677278866046976,40.23105803899237,6.0,-41.677278866046976,-0.04454053860100667,93529.88735664786
2024-04-22 13:43:00+00:00,2024-04-22 14:16:00+00:00,long,33,1.0,93529.88735664786,0.9306294874162037,-36.01569689687889,40.04922453960552,6.0,-42.01569689687889,-0.044922214796073445,93487.87165975098
2024-04-22 16:28:00+00:00,2024-04-22 17:15:00+00:00,short,45,0.9614424012672095,89883.20381791168,0.735989062583414,203.38598462782954,38.58973179329519,6.0,197.38598462782954,0.21960274694669374,93685.25764437881
2024-04-22 17:49:00+00:00,2024-04-23 18:37:00+00:00,short,430,0.903829787905342,84675.52654657622,0.7017429508183365,186.5698078610726,36.36836442809344,6.0,180.5698078610726,0.2132491113140575,93865.82745223989
2024-04-23 19:44:00+00:00,2024-04-25 13:31:00+00:00,short,408,0.8289638487293203,77811.37758897107,0.5073562665627006,52.507933441878436,33.35558158287566,6.0,46.507933441878436,0.05977009388980467,93912.33538568177
2024-04-30 13:34:00+00:00,2024-04-30 16:27:00+00:00,long,173,0.7464154939211134,70097.62220218891,0.8127907125859729,234.2255329573638,29.96916300092255,6.0,228.2255329573638,0.32558241747355177,94140.56091863914
2024-05-01 19:54:00+00:00,2024-05-03 17:31:00+00:00,long,635,0.7481278978770903,70429.17994503166,0.22568436983461074,198.66268560542287,30.62317182664698,6.0,192.66268560542287,0.27355520219856544,94333.22360424456
2024-05-06 16:40:00+00:00,2024-05-13 16:19:00+00:00,short,1867,1.0,94333.22360424456,0.16878053731813222,-1984.8303445373754,41.48814961403458,6.0,-1990.8303445373754,-2.11042331479044,92342.39325970718
2024-05-14 13:50:00+00:00,2024-05-14 15:57:00+00:00,long,126,0.32651087607740514,30150.795722311264,0.6825251216528215,106.28898882690108,12.897883625459514,6.0,100.28898882690108,0.3326246834430585,92442.68224853408
2024-05-21 13:35:00+00:00,2024-05-23 18:44:00+00:00,long,1026,0.6723117039116481,62150.29721667501,0.5539079589342828,52.694955078853184,26.522513377835118,6.0,46.694955078853184,0.07513231178293524,92489.37720361294
2024-05-28 18:11:00+00:00,2024-05-28 18:18:00+00:00,short,7,0.7122320398530777,65873.89779046999,0.6821755770786344,-50.54698151632873,28.2749126130308,6.0,-56.54698151632873,-0.08584125642024695,92432.83022209661
2024-05-29 13:31:00+00:00,2024-05-29 14:38:00+00:00,long,67,0.8073992761264257,74630.20021163761,0.6809315325656699,35.853164614775835,32.12250202856074,6.0,29.853164614775835,0.04000145320542852,92462.68338671139
2024-05-29 14:57:00+00:00,2024-05-29 15:26:00+00:00,long,29,0.875781405457809,80977.09880881451,0.6526427817577815,-19.32142880179949,34.767646128514926,6.0,-25.32142880179949,-0.031269864164413866,92437.36195790958
2024-05-29 15:29:00+00:00,2024-05-29 15:34:00+00:00,long,5,0.8940335563137536,82642.10344749158,0.6295886417921931,-18.85014901060692,35.528523662593216,6.0,-24.85014901060692,-0.030069598877521298,92412.51180889897
2024-05-29 16:01:00+00:00,2024-05-29 16:07:00+00:00,long,5,0.9211780839739189,85128.38056333871,0.7074235745563201,-24.278771747414915,36.53891370362171,6.0,-30.278771747414915,-0.03556836339073357,92382.23303715156
2024-05-29 19:59:00+00:00,2024-05-29 20:00:00+00:00,long,1,0.9591295008679602,88606.52506199076,0.890988534988804,-19.981189243834358,37.94095542395138,6.0,-25.981189243834358,-0.029321981903316308,92356.25184790773
2024-05-30 13:30:00+00:00,2024-05-30 15:11:00+00:00,long,101,0.9544837438928984,88152.54103570638,0.8217536618115191,278.4637835121796,37.821788825579304,6.0,272.4637835121796,0.30908216633462393,92628.71563141991
2024-06-03 13:31:00+00:00,2024-06-03 13:40:00+00:00,short,9,1.0,92628.71563141991,0.3342058696667134,158.36953218130978,39.95588892356826,6.0,152.36953218130978,0.16449492054667508,92781.08516360122
2024-06-03 16:34:00+00:00,2024-06-03 18:09:00+00:00,long,92,1.0,92781.08516360122,0.32366956558485305,134.5023948022041,40.250720718388294,6.0,128.5023948022041,0.1385006379000799,92909.58755840342
2024-06-04 14:33:00+00:00,2024-06-10 13:55:00+00:00,short,1499,1.0,92909.58755840342,0.31856821854915895,-672.6950008334386,40.415981855549475,6.0,-678.6950008334386,-0.7304897359562678,92230.89255756998
2024-06-11 14:51:00+00:00,2024-06-12 13:32:00+00:00,long,297,0.6641632680654111,61256.37101762549,0.8678744475858856,18.621417523984746,26.36297086598099,6.0,12.621417523984746,0.020604252772912626,92243.51397509397
2024-06-17 14:06:00+00:00,2024-06-17 19:37:00+00:00,long,313,0.7150670351168213,65960.29604692753,0.41941026385509467,-30.83101878395172,28.553319852721483,6.0,-36.83101878395172,-0.055838164761644264,92206.68295631002
2024-06-20 13:41:00+00:00,2024-06-21 19:57:00+00:00,short,756,1.0,92206.68295631002,0.43747341854261784,189.91699925876716,39.78117644294162,6.0,183.91699925876716,0.1994616803924201,92390.59995556879
2024-06-24 14:13:00+00:00,2024-06-24 18:44:00+00:00,short,265,1.0,92390.59995556879,0.2794563479557776,189.94963378185764,39.73641847207564,6.0,183.94963378185764,0.19909994509216322,92574.54958935064
2024-06-26 13:30:00+00:00,2024-07-02 17:23:00+00:00,long,1696,1.0,92574.54958935064,0.4914410931693808,-192.2848081660552,39.30504184154972,6.0,-198.2848081660552,-0.21418933070225274,92376.2647811846
2024-07-10 13:31:00+00:00,2024-07-10 14:18:00+00:00,long,47,0.7627654984819473,70461.42765372062,0.5188670792586964,350.34048033306317,30.42422927957952,6.0,344.34048033306317,0.4886935899529432,92720.60526151766
2024-07-15 18:41:00+00:00,2024-07-16 13:43:00+00:00,short,91,0.8928537593176085,82785.94097395007,0.8456684501191096,-9.784415894901784,35.46985976854192,6.0,-15.784415894901784,-0.01906654162434248,92704.82084562276
2024-07-16 14:05:00+00:00,2024-07-17 14:26:00+00:00,short,387,0.8576826969906663,79511.32076691027,0.8116601209755397,178.75369739233855,34.13993666202813,6.0,172.75369739233855,0.21726930923304746,92877.5745430151
2024-07-17 16:05:00+00:00,2024-07-18 15:58:00+00:00,short,359,0.6688759693174736,62123.57770031514,0.5751110756347557,337.6187559547594,26.687610117774334,6.0,331.6187559547594,0.5338049871411015,93209.19329896985
2024-07-19 15:14:00+00:00,2024-07-22 13:35:00+00:00,long,246,1.0,93209.19329896985,0.42525952648825366,397.79250658094026,40.27104447217309,6.0,391.79250658094026,0.4203367636969672,93600.9858055508
2024-07-24 13:31:00+00:00,2024-07-26 13:33:00+00:00,long,751,1.0,93600.9858055508,0.37521036369277094,65.45864544270935,40.566080791434246,6.0,59.458645442709354,0.06352352481226035,93660.4444509935
2024-07-31 13:31:00+00:00,2024-07-31 13:34:00+00:00,long,3,0.7875689211049838,73764.05518648222,0.9113186974308877,-154.2298462338391,31.533703901490295,6.0,-160.2298462338391,-0.21721941103802325,93500.21460475966
2024-08-02 14:05:00+00:00,2024-08-02 14:33:00+00:00,short,28,1.0,93500.21460475966,0.1957494615290808,472.0590208061355,40.388755526261804,6.0,466.0590208061355,0.49845770170286924,93966.2736255658
2024-08-05 13:34:00+00:00,2024-08-07 14:08:00+00:00,long,769,1.0,93966.2736255658,0.07730575789783604,35.305191048281856,41.0093387603532,6.0,29.305191048281856,0.031186924752445087,93995.57881661407
2024-08-13 13:32:00+00:00,2024-08-13 13:42:00+00:00,long,10,0.6724944462660725,63211.50472773785,0.7723825913533133,86.11917289104169,27.139005764076074,6.0,80.11917289104169,0.12674777041952712,94075.69798950512
2024-08-14 14:04:00+00:00,2024-08-14 14:15:00+00:00,long,11,0.6829239594549551,64246.5481594814,0.548483950783789,6.616279169339805,27.715451977543612,6.0,0.6162791693398049,0.0009592409039782091,94076.31426867445
2024-08-14 14:38:00+00:00,2024-08-14 15:11:00+00:00,long,25,0.6351775010202895,59755.15820237604,0.5666237647947603,-38.21906314494974,25.724452453197856,6.0,-44.21906314494974,-0.07400041180577355,94032.0952055295
2024-08-14 16:18:00+00:00,2024-08-14 16:51:00+00:00,long,25,0.5705987086371158,53654.59209471747,0.5739584393814556,23.93916299355797,23.071823970574656,6.0,17.93916299355797,0.03343453429277708,94050.03436852306
2024-08-15 13:31:00+00:00,2024-08-15 13:34:00+00:00,short,3,0.5348748154283417,50304.99477389297,0.5037104067033316,-69.85011437473872,21.65459376863282,6.0,-75.85011437473872,-0.15078048355966242,93974.18425414832
2024-08-15 13:35:00+00:00,2024-08-15 13:44:00+00:00,short,8,0.5301144271969596,49817.07085718937,0.6411026622674327,11.979434807717269,21.334871837641835,6.0,5.9794348077172685,0.012002782790779726,93980.16368895603
2024-08-15 14:00:00+00:00,2024-08-15 14:57:00+00:00,short,53,0.5224690949399614,49101.73106487828,0.6090401789688471,31.749622267236244,21.08552954505359,6.0,25.749622267236244,0.05244137367216887,94005.91331122327
2024-08-15 15:07:00+00:00,2024-08-20 14:48:00+00:00,short,945,0.5110472920704439,48041.46743630954,0.5794889367103682,-107.22427269901657,20.700766470442538,6.0,-113.22427269901657,-0.2356802960882126,93892.68903852424
2024-08-21 13:31:00+00:00,2024-08-22 14:31:00+00:00,short,368,0.4099948272181578,38495.51681939796,0.5325071303004167,134.79460678181528,16.541793880603038,6.0,128.79460678181528,0.3345704056554332,94021.48364530606
2024-08-26 13:43:00+00:00,2024-08-26 17:52:00+00:00,short,217,1.0,94021.48364530606,0.474134745677014,166.15287023228058,40.39951143298495,6.0,160.15287023228058,0.17033646356449095,94181.63651553834
2024-08-27 17:55:00+00:00,2024-08-28 15:59:00+00:00,short,239,0.9061557335495274,85343.22992363259,0.4082318218928891,72.64749800729297,36.69327578678763,6.0,66.64749800729297,0.07809347978384569,94248.28401354564
2024-08-29 13:58:00+00:00,2024-08-29 18:40:00+00:00,short,254,0.737933909972498,69549.0047303142,0.6018508213290165,-18.432439325951577,29.95019833375735,6.0,-24.432439325951577,-0.035129818781292,94223.85157421969
2024-08-29 18:50:00+00:00,2024-08-30 15:25:00+00:00,short,182,0.6700017384543572,63130.144358592515,0.7515102277116543,102.69077711453528,27.06508960073785,6.0,96.69077711453528,0.15316102647462884,94320.54235133422
2024-08-30 17:16:00+00:00,2024-08-30 19:13:00+00:00,short,99,0.7690789812378647,72539.946621367,0.682007332100956,36.824106123781,31.047655899025685,6.0,30.824106123781,0.04249259554142215,94351.366457458
2024-08-30 19:54:00+00:00,2024-09-10 19:43:00+00:00,short,2184,0.8396725859012425,79224.25585664951,0.837799423127543,-659.624831421593,34.08048041693925,6.0,-665.624831421593,-0.8401780795846063,93685.74162603641
2024-09-16 13:46:00+00:00,2024-09-18 13:49:00+00:00,short,720,0.9847654260401193,92258.47926624828,0.6697953915152456,341.6949360369884,39.42562193372754,6.0,335.6949360369884,0.36386350469555007,94021.4365620734
2024-09-19 14:41:00+00:00,2024-09-20 13:31:00+00:00,long,309,1.0,94021.4365620734,0.8233170266678191,328.7966540489766,39.97384876044592,6.0,322.7966540489766,0.343322401626851,94344.23321612237
2024-09-20 15:16:00+00:00,2024-09-23 14:04:00+00:00,long,290,1.0,94344.23321612237,0.5679766017585619,110.89296300696031,40.5409412861452,6.0,104.89296300696031,0.11118110713420402,94449.12617912934
2024-09-24 13:31:00+00:00,2024-09-27 13:39:00+00:00,long,1136,1.0,94449.12617912934,0.6898143911197443,-506.5410429697663,40.29196463337286,6.0,-512.5410429697663,-0.5426636155401762,93936.58513615957
2024-10-07 18:46:00+00:00,2024-10-08 13:32:00+00:00,long,74,1.0,93936.58513615957,0.44247852267277016,68.89176651941278,40.457861322561484,6.0,62.89176651941278,0.06695130169811069,93999.47690267899
2024-10-09 14:16:00+00:00,2024-10-09 14:56:00+00:00,long,35,1.0,93999.47690267899,0.3491612187131127,218.3856275434103,40.51916374362654,6.0,212.3856275434103,0.2259434143056995,94211.8625302224
2024-10-11 18:16:00+00:00,2024-10-14 13:52:00+00:00,short,115,1.0,94211.8625302224,0.36592028939309795,175.49301056667832,40.49950322016714,6.0,169.49301056667832,0.17990623050500285,94381.35554078907
2024-10-14 14:21:00+00:00,2024-10-15 18:36:00+00:00,short,545,1.0,94381.35554078907,0.34007811125668974,-34.293307146274635,40.581170784953585,6.0,-40.293307146274635,-0.04269201996029921,94341.06223364279
2024-10-16 13:46:00+00:00,2024-10-21 14:53:00+00:00,short,1163,1.0,94341.06223364279,0.39875876224707574,-635.3662240936511,40.82262868149629,6.0,-641.3662240936511,-0.679837823433935,93699.69600954914
2024-10-24 13:31:00+00:00,2024-10-25 19:53:00+00:00,long,697,1.0,93699.69600954914,0.4770046641526615,192.53321772861696,39.97167388576325,6.0,186.53321772861696,0.1990755847378704,93886.22922727776
2024-10-29 17:08:00+00:00,2024-10-29 18:51:00+00:00,short,94,0.7084334760884006,66512.14772831278,0.4791633754641985,272.4859870987758,28.358281875044355,6.0,266.4859870987758,0.4006576184959646,94152.71521437653
2024-10-30 13:31:00+00:00,2024-11-01 13:39:00+00:00,short,767,0.5923487810933096,55771.24609386144,0.602543020228668,-108.43511570054011,23.66224471584669,6.0,-114.43511570054011,-0.20518658576849624,94038.28009867598
2024-11-14 15:33:00+00:00,2024-11-14 20:08:00+00:00,short,235,0.9996490527581557,94005.27762364758,0.46221248376519186,362.18491969541617,39.988734378322114,6.0,356.18491969541617,0.3788988540849921,94394.4650183714
2024-11-15 16:22:00+00:00,2024-11-19 14:35:00+00:00,short,371,0.5071599313782066,47873.09040119976,0.3628743490559115,12.259691511028272,20.441253430242845,6.0,6.259691511028272,0.013075595200913531,94400.72470988243
2024-11-25 14:31:00+00:00,2024-11-25 15:01:00+00:00,short,29,1.0,94400.72470988243,0.538452322268853,293.5750675920077,40.25914325953241,6.0,287.5750675920077,0.30463226683460265,94688.29977747444
2024-11-26 20:47:00+00:00,2024-11-27 14:33:00+00:00,long,9,1.0,94688.29977747444,0.5361494738320126,15.729335057908798,40.25300290085031,6.0,9.729335057908798,0.010275118552950642,94698.02911253236
2024-11-27 16:35:00+00:00,2024-11-27 19:28:00+00:00,short,124,1.0,94698.02911253236,0.5065604349673635,50.69206657581459,40.259763042049485,6.0,44.69206657581459,0.04719429432127435,94742.72117910816
2024-12-02 15:27:00+00:00,2024-12-03 14:33:00+00:00,short,299,1.0,94742.72117910816,0.6215538657421451,34.756812281361356,40.29014616674725,6.0,28.756812281361356,0.03035252938006446,94771.47799138953
2024-12-04 17:43:00+00:00,2024-12-04 18:46:00+00:00,long,43,1.0,94771.47799138953,0.5846605448688124,99.73738635455555,40.396998486955795,6.0,93.73738635455555,0.09890885775050598,94865.21537774408
2024-12-05 14:31:00+00:00,2024-12-09 14:34:00+00:00,long,647,1.0,94865.21537774408,0.5129680079845592,-242.65468821674688,40.644498154584795,6.0,-248.65468821674688,-0.2621136601299307,94616.56068952734
2024-12-10 14:44:00+00:00,2024-12-10 16:14:00+00:00,long,83,1.0,94616.56068952734,0.37770469019266184,222.40536095764645,40.68157524829779,6.0,216.40536095764645,0.22871827022729577,94832.96605048499
2024-12-11 14:44:00+00:00,2024-12-11 15:01:00+00:00,short,17,1.0,94832.96605048499,0.3704247946851552,181.0646582822144,40.29986243792752,6.0,175.0646582822144,0.18460316657080778,95008.0307087672
2024-12-12 14:31:00+00:00,2024-12-18 19:30:00+00:00,short,1595,1.0,95008.0307087672,0.24844337683331594,-753.1810247124736,40.71830973100008,6.0,-759.1810247124736,-0.7990703723137139,94248.84968405473
2024-12-24 15:51:00+00:00,2024-12-24 17:55:00+00:00,short,102,0.6090429086069797,57401.593544438714,0.5729982830440263,89.66337687986507,24.4294934779844,6.0,83.66337687986507,0.14575096563320183,94332.5130609346
2025-01-02 15:06:00+00:00,2025-01-02 15:56:00+00:00,short,50,0.6761532078994147,63783.23131536436,1.1157900914876564,-126.26559041268422,26.899672007823355,6.0,-132.26559041268422,-0.20736734042012,94200.2474705219
2025-01-02 18:58:00+00:00,2025-01-02 19:17:00+00:00,short,17,0.7056192619115008,66469.50909203039,0.904364930040515,6.899252929440593,28.237873428267136,6.0,0.8992529294405927,0.0013528803532993324,94201.14672345134
2025-01-02 19:30:00+00:00,2025-01-03 14:31:00+00:00,short,89,0.7336759076224812,69113.11182140668,0.9448305911823315,31.93718148908735,29.374833147827715,6.0,25.93718148908735,0.0375285974043694,94227.08390494043
2025-01-03 14:34:00+00:00,2025-01-03 14:40:00+00:00,short,6,0.7301740772578112,68802.17404298423,0.8668703789380932,24.189393647085595,29.168752618322053,6.0,18.189393647085595,0.026437236759003797,94245.27329858752
2025-01-03 18:20:00+00:00,2025-01-03 18:47:00+00:00,short,21,0.7430630347959923,70030.17879242614,0.9343186290140251,45.01990632648075,29.72343008028338,6.0,39.01990632648075,0.055718701564561476,94284.29320491399
2025-01-03 20:53:00+00:00,2025-01-03 20:54:00+00:00,short,1,0.7188853224070786,67779.59451853813,0.5994203847888534,-40.5261168222986,28.843766304149916,6.0,-46.5261168222986,-0.06864325045434348,94237.7670880917
2025-01-03 20:56:00+00:00,2025-01-06 14:34:00+00:00,short,9,0.7152243569502842,67401.14636601105,1.009925389549381,-120.24338883844288,28.524990073939513,6.0,-126.24338883844288,-0.18730154551511413,94111.52369925326
2025-01-06 14:35:00+00:00,2025-01-06 14:51:00+00:00,short,16,0.681961371974988,64180.423820599346,0.81994173851608,63.4318598644302,27.23451690560329,6.0,57.4318598644302,0.08948501185496516,94168.95555911769
2025-01-06 15:31:00+00:00,2025-01-08 14:33:00+00:00,short,673,0.6401428707292467,60281.58554518845,0.7748252615229053,-197.05083534995737,25.560916672623094,6.0,-203.05083534995737,-0.3368372505692403,93965.90472376773
2025-01-10 15:01:00+00:00,2025-01-10 15:02:00+00:00,long,1,0.6839495465886822,64267.93793061625,0.7646618617885638,-36.5439076293988,27.326906835229302,6.0,-42.5439076293988,-0.06619771693208713,93923.36081613833
2025-01-10 17:20:00+00:00,2025-01-10 17:29:00+00:00,long,9,0.7707767607337991,72393.94380709494,0.675347854452131,-9.292097957106321,30.862567670994498,6.0,-15.292097957106321,-0.02112344921814803,93908.06871818122
2025-01-10 17:33:00+00:00,2025-01-10 17:39:00+00:00,long,6,0.7741218986674785,72696.29245631449,0.7938526559081986,-41.42769710810899,30.92721071787012,6.0,-47.42769710810899,-0.06524087474833712,93860.64102107311
2025-01-13 14:31:00+00:00,2025-01-14 14:31:00+00:00,long,375,0.8930921904326851,83826.20548492612,0.7437995885641325,-64.44938846174745,35.79637657900835,6.0,-70.44938846174745,-0.08404220142639746,93790.19163261137
2025-01-23 16:57:00+00:00,2025-01-27 19:16:00+00:00,short,837,0.7817377939943554,73319.33750518547,0.47166099826174934,-120.76865618134252,31.51631053063899,6.0,-126.76865618134252,-0.17289934755940325,93663.42297643003
2025-01-30 14:32:00+00:00,2025-01-30 14:46:00+00:00,long,14,1.0,93663.42297643003,0.7833884337756438,-505.98617705718254,39.750810773533644,6.0,-511.98617705718254,-0.5466233891388119,93151.43679937284
2025-01-30 14:57:00+00:00,2025-02-03 14:54:00+00:00,short,769,0.7940694633370591,73968.71142835397,0.47319333692439647,-547.2946409314959,31.073735978855986,6.0,-553.2946409314959,-0.7480117339443132,92598.14215844135
2025-02-06 14:31:00+00:00,2025-02-06 17:37:00+00:00,short,175,1.0,92598.14215844135,0.29223082958768265,342.6944506044921,39.26944266352818,6.0,336.6944506044921,0.36360821368142177,92934.83660904584
2025-02-10 15:00:00+00:00,2025-02-11 14:31:00+00:00,short,287,0.47885432818883084,44502.24874976341,0.7131399930390908,31.185489424138517,18.796383076475635,6.0,25.185489424138517,0.05659374555599825,92960.02209846998
2025-02-11 19:10:00+00:00,2025-02-12 15:03:00+00:00,short,129,0.815008308019503,75763.19032392962,0.3098580635601645,137.27680447100818,32.09761344011449,6.0,131.27680447100818,0.17327254027942474,93091.298902941
2025-02-12 17:02:00+00:00,2025-02-19 18:13:00+00:00,short,1318,1.0,93091.298902941,0.42412580286545065,-300.52244813361534,39.65875500626355,6.0,-306.52244813361534,-0.3292707822813841,92784.77645480738
2025-02-21 18:37:00+00:00,2025-02-24 19:50:00+00:00,long,398,1.0,92784.77645480738,0.6031210308414706,47.1899185373091,39.37840923295449,6.0,41.1899185373091,0.04439297060479684,92825.96637334468
2025-02-25 15:34:00+00:00,2025-02-25 15:35:00+00:00,long,1,0.6437381237062099,59755.613424392635,0.9390431917796368,-11.033137069314526,25.244774167743998,6.0,-17.033137069314527,-0.02850466440423401,92808.93323627536
2025-02-26 14:31:00+00:00,2025-02-26 19:32:00+00:00,long,244,0.5950164289193753,55222.84002606529,0.6903186009926865,85.7609349921573,23.336519458124783,6.0,79.7609349921573,0.14443468491390515,92888.69417126752
2025-02-27 14:42:00+00:00,2025-02-27 14:46:00+00:00,short,4,0.5848504903436148,54325.99833344388,0.8435896777312113,10.738653746437805,22.937446396466015,6.0,4.738653746437805,0.008722626167590593,92893.43282501395
2025-02-27 14:53:00+00:00,2025-03-04 14:33:00+00:00,short,1103,0.5737885012841296,53301.18359980272,0.8265336728401097,-80.92328621775496,22.54180321051122,6.0,-86.92328621775496,-0.16307946718480879,92806.50953879619
2025-03-06 14:31:00+00:00,2025-03-07 19:03:00+00:00,long,655,0.9431139015130786,87527.10929694482,0.5294584091116178,100.41963153474786,37.04452963014594,6.0,94.41963153474786,0.1078747285191602,92900.92917033094
2025-03-11 16:53:00+00:00,2025-03-13 13:40:00+00:00,long,574,1.0,92900.92917033094,0.6217006970096846,149.8324354884799,39.4456484741259,6.0,143.8324354884799,0.15482346277158068,93044.76160581943
2025-03-13 19:55:00+00:00,2025-03-17 13:43:00+00:00,long,382,1.0,93044.76160581943,0.6839278596436497,-141.05872224234793,39.80335359892963,6.0,-147.05872224234793,-0.15805158689680626,92897.70288357708
2025-03-19 13:38:00+00:00,2025-03-21 13:32:00+00:00,short,665,0.6876430165040914,63880.45663716377,0.6420305289862657,39.719385703578254,27.144857309093787,6.0,33.719385703578254,0.052785135671621526,92931.42226928065
2025-03-24 13:54:00+00:00,2025-03-25 13:51:00+00:00,short,334,0.9546927851676892,88720.95835585416,0.44368650531855736,93.8956204181569,37.65993990233326,6.0,87.8956204181569,0.09906973735068676,93019.31788969881
2025-03-26 13:36:00+00:00,2025-03-26 16:48:00+00:00,short,161,0.8211674106231478,76384.43240941541,0.6776822173891989,185.11062979482804,32.292677996041405,6.0,179.11062979482804,0.23448577693790684,93198.42851949364
2025-03-28 13:32:00+00:00,2025-03-28 17:08:00+00:00,short,191,0.9701142243476981,90413.12119361295,0.41637528792726647,193.99101810095215,37.99892828189634,6.0,187.99101810095215,0.2079244866443482,93386.41953759459
2025-03-31 13:42:00+00:00,2025-03-31 13:55:00+00:00,long,13,0.9832505252533453,91822.24606186914,0.725439461323602,252.27000854662663,38.97265616687435,6.0,246.27000854662663,0.2682029890454779,93632.6895461412
2025-03-31 14:31:00+00:00,2025-04-01 15:52:00+00:00,short,436,0.7065544572627885,66156.59414432898,0.7117322655613307,266.80695745397884,28.32185657312792,6.0,260.80695745397884,0.3942266992841189,93893.49650359519
2025-04-03 14:40:00+00:00,2025-04-03 15:32:00+00:00,short,51,0.9099715426775529,85440.40986076593,0.7136700453476306,222.85436376471608,36.236969084585446,6.0,216.85436376471608,0.25380772882305097,94110.3508673599
2025-04-04 13:37:00+00:00,2025-04-04 13:39:00+00:00,long,2,0.7823181689674782,73624.23737143991,0.8482318060993798,-50.969663588368775,31.221352928043423,6.0,-56.969663588368775,-0.07737895239709236,94053.38120377153
2025-04-04 13:52:00+00:00,2025-04-04 13:55:00+00:00,short,3,0.7984063487262217,75092.81667225868,0.7749122541070338,-34.522129794664515,31.85945334358367,6.0,-40.522129794664515,-0.053962724519340734,94012.85907397686
2025-04-04 13:58:00+00:00,2025-04-04 14:05:00+00:00,short,7,0.7888344973302668,74160.58643020174,0.7564662189120323,13.794640125458784,31.41503808333925,6.0,7.794640125458784,0.010510488792850799,94020.65371410231
2025-04-04 14:19:00+00:00,2025-04-04 14:25:00+00:00,long,6,0.7588171111462014,71344.4808394125,0.9338388620893902,47.650358301712586,30.184400660387077,6.0,41.650358301712586,0.05837922963580369,94062.30407240403
2025-04-04 14:33:00+00:00,2025-04-04 14:34:00+00:00,long,1,0.735707912534589,69202.38137730214,0.8865268149524705,-42.713044140172144,29.347625353262053,6.0,-48.713044140172144,-0.07039215005417379,94013.59102826387
2025-04-04 14:35:00+00:00,2025-04-04 14:54:00+00:00,long,19,0.7303698708380401,68664.6943363334,0.9587936121840307,85.52429649742476,29.030189339390855,6.0,79.52429649742476,0.11581540887358917,94093.1153247613
2025-04-04 14:55:00+00:00,2025-04-04 14:56:00+00:00,long,1,0.7160252645229693,67373.04779020247,0.8501061990758346,-14.571915151118333,28.591102434231082,6.0,-20.571915151118333,-0.03053433951092523,94072.54340961018
2025-04-04 14:59:00+00:00,2025-04-04 15:00:00+00:00,long,1,0.7123456145397342,67012.16374643458,0.8589603671863527,-55.47070805917198,28.453653663499693,6.0,-61.47070805917198,-0.09173067189976024,94011.072701551
2025-04-04 15:01:00+00:00,2025-04-04 15:02:00+00:00,long,1,0.7123987309311177,66973.36888605799,0.8543668180503372,-6.478091788707706,28.412416984032905,6.0,-12.478091788707706,-0.018631423200371967,93998.5946097623
2025-04-04 15:05:00+00:00,2025-04-04 15:14:00+00:00,long,9,0.7118622712612015,66914.05305426632,0.8164495177856503,-182.5044499848683,28.392241005142136,6.0,-188.5044499848683,-0.28171130185761417,93810.09015977742
2025-04-04 15:15:00+00:00,2025-04-04 15:16:00+00:00,long,1,0.7029634009832282,65945.0600252604,0.9122781799337062,7.274278092407638,27.944103712244857,6.0,1.2742780924076378,0.0019323329024486789,93811.36443786982
2025-04-04 15:17:00+00:00,2025-04-04 15:18:00+00:00,long,1,0.7010427649700631,65765.7783111385,0.9389650840119728,-1.6180882172070596,27.864358133158667,6.0,-7.61808821720706,-0.011583666175386557,93803.74634965262
2025-04-04 15:19:00+00:00,2025-04-04 15:20:00+00:00,long,1,0.6997108758589607,65635.50151716723,0.8989103416497042,18.782317845528343,27.85143137046481,6.0,12.782317845528343,0.019474701266943284,93816.52866749815
2025-04-04 15:23:00+00:00,2025-04-04 15:28:00+00:00,long,5,0.6954006627425608,65240.076211584674,0.9659972635406143,28.624678410227432,27.557415856741088,6.0,22.624678410227432,0.034679110945321015,93839.15334590837
2025-04-04 15:33:00+00:00,2025-04-04 15:37:00+00:00,long,4,0.6836858652492016,64156.50274954988,0.9782585443715359,46.428820286144955,27.162649452410072,6.0,40.428820286144955,0.06301593533545374,93879.58216619452
2025-04-04 15:39:00+00:00,2025-04-04 15:42:00+00:00,long,3,0.6851317444521957,64319.881897968095,0.8108463886873162,-2.8287086536509154,27.31320520665755,6.0,-8.828708653650915,-0.013726251344267193,93870.75345754088
2025-04-04 15:43:00+00:00,2025-04-04 15:44:00+00:00,long,1,0.6831925912586847,64131.80329806249,0.9148980547886019,-35.42717148549849,27.213627786767717,6.0,-41.42717148549849,-0.0645969228293165,93829.32628605538
2025-04-04 15:47:00+00:00,2025-04-04 15:48:00+00:00,long,1,0.6828253609942027,64069.04359311859,0.8600355468557329,-47.75879461256795,27.194713395814905,6.0,-53.75879461256795,-0.08390759655157701,93775.56749144281
2025-04-04 15:51:00+00:00,2025-04-04 15:52:00+00:00,long,1,0.6808549351574139,63847.557923735985,0.8948829820635371,79.7383450156755,27.056454369067225,6.0,73.7383450156755,0.11549125356329802,93849.30583645849
2025-04-04 15:54:00+00:00,2025-04-04 15:58:00+00:00,long,4,0.6800041283686183,63817.91541332084,0.7497777719181838,-43.67982188335583,27.10246726613894,6.0,-49.67982188335583,-0.07784619970991101,93799.62601457513
2025-04-04 15:59:00+00:00,2025-04-04 16:06:00+00:00,long,7,0.6783203906924701,63626.198965014184,0.7828839578266578,-64.69748345877525,27.09519531386384,6.0,-70.69748345877525,-0.11111379370257418,93728.92853111635
2025-04-04 16:07:00+00:00,2025-04-04 16:08:00+00:00,long,1,0.674549031896151,63224.75800132807,0.8862078086558983,-29.2084501531097,26.829148854827885,6.0,-35.208450153109695,-0.05568775787543564,93693.72008096325
2025-04-04 16:11:00+00:00,2025-04-04 16:14:00+00:00,long,3,0.6749779812856679,63241.19803939301,0.8330399091818095,-97.15839671612027,26.872658687774923,6.0,-103.15839671612027,-0.16311897926390134,93590.56168424714
2025-04-04 16:15:00+00:00,2025-04-04 16:18:00+00:00,long,3,0.6736789522479077,63049.99153573679,0.7940846896064584,0.4215283947810349,26.710828505940135,6.0,-5.578471605218965,-0.008847696041413554,93584.98321264192
2025-04-04 16:19:00+00:00,2025-04-04 16:20:00+00:00,long,1,0.6702748863772028,62727.663989466,0.9398898054491595,-10.777405349149525,26.60287463423709,6.0,-16.777405349149525,-0.026746421406617333,93568.20580729278
2025-04-04 16:21:00+00:00,2025-04-04 16:22:00+00:00,long,1,0.6680506712736655,62508.302699434425,0.9642326898542026,-12.22238006260694,26.52620725783703,6.0,-18.222380062606938,-0.029151935464041667,93549.98342723017
2025-04-04 16:23:00+00:00,2025-04-04 16:25:00+00:00,long,2,0.6682054918211401,62510.61268585184,0.8534071480651685,5.027856131410221,26.548823220144698,6.0,-0.9721438685897787,-0.0015551661179123368,93549.01128336157
2025-04-04 16:27:00+00:00,2025-04-04 16:30:00+00:00,long,3,0.6670812893444975,62404.79506380778,0.8612828780335445,-37.70778188431564,26.49725945989463,6.0,-43.70778188431564,-0.07003914016483062,93505.30350147726
2025-04-04 16:31:00+00:00,2025-04-04 16:32:00+00:00,long,1,0.6626226525262322,61958.73223141925,0.9217469188519828,-43.45738019635753,26.300752289216362,6.0,-49.45738019635753,-0.07982309904539608,93455.8461212809
2025-04-04 16:35:00+00:00,2025-04-04 16:40:00+00:00,long,5,0.6613578374332866,61807.75628626834,0.8341960043179318,-34.82084677625333,26.296654997725746,6.0,-40.82084677625333,-0.06604486108052168,93415.02527450465
2025-04-04 16:43:00+00:00,2025-04-04 16:54:00+00:00,long,11,0.6567536155058303,61350.65559159945,0.8646176558939516,-19.995785837856488,25.985966924509498,6.0,-25.995785837856488,-0.04237246625513813,93389.02948866678
2025-04-04 16:55:00+00:00,2025-04-04 16:58:00+00:00,long,3,0.6523774785042977,60924.89957777994,0.8728949293625856,-57.568716888540806,25.879764287346227,6.0,-63.568716888540806,-0.10433946929594136,93325.46077177825
2025-04-04 16:59:00+00:00,2025-04-04 17:02:00+00:00,long,3,0.6504745206394212,60705.83435897557,0.893876311001407,-40.188316273798755,25.80216737052065,6.0,-46.188316273798755,-0.07608546486762792,93279.27245550446
2025-04-04 17:03:00+00:00,2025-04-04 17:10:00+00:00,long,7,0.6528606622531595,60898.36758979354,0.8593991911896953,20.12887484418914,25.818537234235908,6.0,14.128874844189141,0.023200744787380996,93293.40133034864
2025-04-04 17:11:00+00:00,2025-04-04 17:14:00+00:00,long,3,0.6536560125596148,60981.79271171956,0.8484729345781141,-16.458450537138326,25.888293483637057,6.0,-22.458450537138326,-0.03682812449169313,93270.94287981151
2025-04-04 17:15:00+00:00,2025-04-04 17:18:00+00:00,long,3,0.6561869183263375,61203.17257769536,0.8963159440044021,-63.92820823039299,25.990701776516453,6.0,-69.92820823039298,-0.1142558551872805,93201.01467158111
2025-04-04 17:19:00+00:00,2025-04-04 17:26:00+00:00,long,7,0.6575332054988023,61282.761932745634,0.8476685339869021,-53.56757743058682,26.072252537338763,6.0,-59.56757743058682,-0.09720119582070871,93141.44709415053
2025-04-04 17:27:00+00:00,2025-04-04 17:30:00+00:00,long,3,0.6559960058485509,61100.41727271686,0.897374894469379,8.3612601386723,25.919987372541748,6.0,2.3612601386723,0.003864556485977834,93143.8083542892
2025-04-04 17:31:00+00:00,2025-04-04 17:32:00+00:00,long,1,0.6539531179708814,60911.68389296965,0.9454029953674805,-39.00189252941009,25.88429563014021,6.0,-45.00189252941009,-0.07388055895562617,93098.80646175978
2025-04-04 17:33:00+00:00,2025-04-04 17:34:00+00:00,long,1,0.6525646127410855,60752.98658537554,0.9640620901220286,-28.2238243669633,25.797513941730266,6.0,-34.2238243669633,-0.05633274393657819,93064.58263739283
2025-04-04 17:35:00+00:00,2025-04-04 17:38:00+00:00,long,3,0.6518209061978755,60661.44058963246,0.9173479374245103,-93.01215973873707,25.783055207408253,6.0,-99.01215973873707,-0.16322091723561716,92965.5704776541
2025-04-04 17:39:00+00:00,2025-04-04 17:50:00+00:00,long,11,0.6524697942128618,60657.22663843627,0.7270250352196083,-41.588813170740366,25.77371324109119,6.0,-47.588813170740366,-0.07845530666017143,92917.98166448335
2025-04-04 17:51:00+00:00,2025-04-04 17:54:00+00:00,long,3,0.6470027706623789,60118.19158127684,0.9223510178789661,7.134314275045853,25.505764059518228,6.0,1.1343142750458526,0.0018868070466030492,92919.11597875839
2025-04-04 17:55:00+00:00,2025-04-04 17:58:00+00:00,long,3,0.6468219681133525,60102.12547273336,0.9084736182882011,-19.31681025653434,25.53701650400189,6.0,-25.31681025653434,-0.04212298659557367,92893.79916850185
2025-04-04 17:59:00+00:00,2025-04-04 18:02:00+00:00,long,3,0.6442076104442414,59842.89238742783,0.9126009715739825,-48.26979245767906,25.420380773036953,6.0,-54.26979245767906,-0.09068711469748478,92839.52937604417
2025-04-04 18:03:00+00:00,2025-04-04 18:06:00+00:00,long,3,0.6432651568573272,59720.43442664149,0.925907236437435,-32.01410026421516,25.32898084045859,6.0,-38.01410026421516,-0.06365342219824333,92801.51527577995
2025-04-04 18:07:00+00:00,2025-04-04 18:10:00+00:00,long,3,0.6421779340928703,59595.08536048831,0.8862910853002833,-37.23784078186911,25.280168900074198,6.0,-43.23784078186911,-0.07255269544514473,92758.27743499808
2025-04-04 18:11:00+00:00,2025-04-04 18:14:00+00:00,long,3,0.6410116911960096,59459.140291036776,0.9223007608727842,-25.747042328313825,25.247668998955366,6.0,-31.747042328313825,-0.0533930396116063,92726.53039266977
2025-04-04 18:15:00+00:00,2025-04-04 18:26:00+00:00,long,11,0.642343789252799,59562.31089669233,0.897861649767119,-40.09635976634307,25.254199771253084,6.0,-46.09635976634307,-0.07739182558966652,92680.43403290343
2025-04-04 18:27:00+00:00,2025-04-04 18:32:00+00:00,long,5,0.6430984736425119,59602.645663085714,0.9348455310056322,14.26773142073732,25.29628436703468,6.0,8.26773142073732,0.01387141682849467,92688.70176432417
2025-04-04 18:35:00+00:00,2025-04-04 18:38:00+00:00,long,3,0.6400910299922526,59329.20658097098,0.8510079148388354,2.192868831760194,25.182980691536343,6.0,-3.807131168239806,-0.006416959517306086,92684.89463315593
2025-04-04 18:39:00+00:00,2025-04-04 18:42:00+00:00,long,3,0.6387173941527564,59199.45437741215,0.8588745449114394,-28.413565265327883,25.174196319017902,6.0,-34.41356526532788,-0.058131558182837835,92650.48106789059
2025-04-04 18:43:00+00:00,2025-04-04 18:46:00+00:00,long,3,0.6372308504797137,59039.74484824654,0.9427007469227199,-16.15802575360898,25.104895057998093,6.0,-22.15802575360898,-0.03753069362098889,92628.32304213698
2025-04-04 18:47:00+00:00,2025-04-04 18:50:00+00:00,long,3,0.6353427071900213,58850.729524063136,0.9358957489049206,45.465973587602896,25.004879931704366,6.0,39.465973587602896,0.06706114589703749,92667.78901572459
2025-04-04 18:51:00+00:00,2025-04-04 18:56:00+00:00,long,5,0.6349550436274166,58839.88001733564,0.8883568392730987,-49.29276594221716,24.998435012604695,6.0,-55.29276594221716,-0.09397158173321662,92612.49624978237
2025-04-04 18:59:00+00:00,2025-04-04 19:00:00+00:00,long,1,0.6311951582463188,58456.55922596799,0.9663106358562777,-5.02360535340101,24.82363088489489,6.0,-11.02360535340101,-0.018857773189811737,92601.47264442897
2025-04-04 19:01:00+00:00,2025-04-04 19:02:00+00:00,long,1,0.6305343401209074,58388.40844807927,0.9318080734450704,-4.028264246528408,24.816344033692694,6.0,-10.028264246528408,-0.017175094360459994,92591.44438018244
2025-04-04 19:03:00+00:00,2025-04-04 19:06:00+00:00,long,3,0.6317720040229552,58496.68237144785,0.8459756056930852,-51.156448514012546,24.866715803467088,6.0,-57.156448514012546,-0.09770887201957033,92534.28793166843
2025-04-04 19:07:00+00:00,2025-04-04 19:16:00+00:00,long,9,0.6301416501088754,58309.70888891133,1.0009599810865761,-35.6936690811463,24.80308058618097,6.0,-41.6936690811463,-0.07150381964790621,92492.59426258728
2025-04-04 19:17:00+00:00,2025-04-04 19:28:00+00:00,long,11,0.6286240575584224,58143.06989945248,0.9951368848762456,-34.91606141369145,24.73949143690682,6.0,-40.91606141369145,-0.0703713468938742,92451.67820117359
2025-04-04 19:31:00+00:00,2025-04-04 19:32:00+00:00,long,1,0.6336562003066701,58582.57912093066,0.9034135541873244,-38.26399440880394,24.892730178792373,6.0,-44.26399440880394,-0.07555828895383865,92407.41420676479
2025-04-04 19:57:00+00:00,2025-04-07 13:30:00+00:00,long,4,0.6546085067920862,60490.67943040811,1.0078663499789906,224.4873509915809,25.357119536336757,6.0,218.4873509915809,0.36119176218369486,92625.90155775637
2025-04-07 13:31:00+00:00,2025-04-07 13:35:00+00:00,long,4,0.6567583448483283,60832.833797156265,0.6698187675874785,2.6687149578443723,25.820411400806577,6.0,-3.3312850421556277,-0.005476129968338504,92622.57027271422
2025-04-07 13:36:00+00:00,2025-04-07 14:15:00+00:00,long,39,0.6613500976874971,61255.94589792661,0.8594240927285121,-269.79911097940294,26.761144770613345,6.0,-275.79911097940294,-0.45024055532336194,92346.77116173481
2025-04-08 14:05:00+00:00,2025-04-08 15:15:00+00:00,short,69,1.0,92346.77116173481,0.812424056011016,-212.11896683463135,38.83601235418882,6.0,-218.11896683463135,-0.23619555301248263,92128.65219490018
2025-04-08 15:20:00+00:00,2025-04-08 17:29:00+00:00,short,123,1.0,92128.65219490018,0.8238484843873607,-446.8049644973738,38.73729361183571,6.0,-452.8049644973738,-0.49149201004206056,91675.8472304028
2025-04-09 14:58:00+00:00,2025-04-09 15:11:00+00:00,short,13,1.0,91675.8472304028,0.8407048967018927,69.02756031849802,39.145412408327715,6.0,63.02756031849802,0.06875045306109367,91738.8747907213
2025-04-09 15:18:00+00:00,2025-04-09 15:19:00+00:00,short,1,1.0,91738.8747907213,0.7967439523575276,-20.000459669826256,39.112677590206246,6.0,-26.000459669826256,-0.02834181226785224,91712.87433105147
2025-04-09 19:15:00+00:00,2025-04-10 16:04:00+00:00,short,195,1.0,91712.87433105147,0.8239192689709828,-342.66960714035326,38.223059862166934,6.0,-348.66960714035326,-0.3801752040632569,91364.20472391111
2025-04-11 13:39:00+00:00,2025-04-16 13:30:00+00:00,short,1071,1.0,91364.20472391111,0.8296999833294141,463.71156828690096,39.40699830858039,6.0,457.71156828690096,0.5009747194429552,91821.91629219802
2025-04-17 17:18:00+00:00,2025-04-23 13:34:00+00:00,long,863,1.0,91821.91629219802,0.7893932715120726,-1269.3199109494003,39.487212771697884,6.0,-1275.3199109494003,-1.3889057889960008,90546.59638124862
2025-04-29 17:49:00+00:00,2025-04-30 13:31:00+00:00,short,108,1.0,90546.59638124862,0.3703610711307973,99.34233289013099,38.42829347627173,6.0,93.34233289013099,0.10308762186610622,90639.93871413874
2025-04-30 13:33:00+00:00,2025-04-30 13:53:00+00:00,short,19,1.0,90639.93871413874,1.0705252125696134,-220.4196651711386,37.96100600564451,6.0,-226.4196651711386,-0.24980121167692257,90413.5190489676
2025-04-30 14:25:00+00:00,2025-04-30 14:43:00+00:00,short,17,0.550832591028726,49802.712961767895,0.8054351206172385,83.46918657266625,21.078736537356768,6.0,77.46918657266625,0.15555214157135797,90490.98823554027
2025-04-30 16:04:00+00:00,2025-04-30 18:12:00+00:00,short,104,0.41687911683654716,37723.80325729841,0.6445827185324078,-64.49631198052649,16.032203356612424,6.0,-70.49631198052649,-0.18687487976676265,90420.49192355973
2025-04-30 19:50:00+00:00,2025-05-01 13:57:00+00:00,long,38,0.14538065432116878,13145.390279889072,1.4588114069555544,33.69564913603767,5.524710361277407,6.0,27.695649136037673,0.2106871575993359,90448.18757269577
2025-05-01 14:08:00+00:00,2025-05-01 14:27:00+00:00,long,19,0.15233348153652299,13778.287311617218,1.419650325153962,-1.1335413126922376,5.818436682313037,6.0,-7.133541312692238,-0.05177378836248802,90441.05403138307
2025-05-01 14:29:00+00:00,2025-05-01 14:31:00+00:00,long,2,0.1567768412800414,14179.062773077792,1.1624392216383408,8.976107274567493,5.976672367685853,6.0,2.976107274567493,0.020989449882529022,90444.03013865763
2025-05-01 15:26:00+00:00,2025-05-01 15:27:00+00:00,long,1,0.1624095168381597,14688.97123571534,0.9422154160950744,-7.060919020431457,6.207111975131475,6.0,-13.060919020431456,-0.08891649939836921,90430.9692196372
2025-05-01 15:30:00+00:00,2025-05-01 15:31:00+00:00,long,1,0.16306086430379038,14745.752000783506,1.1214498199311895,-4.635929527251603,6.22462846042154,6.0,-10.635929527251603,-0.07212876987681924,90420.33329010995
2025-05-01 15:42:00+00:00,2025-05-01 16:04:00+00:00,long,22,0.16492170428703773,14912.275468406906,1.0230705124088681,-19.933270843522386,6.2964691213552815,6.0,-25.933270843522386,-0.173905524334395,90394.40001926642
2025-05-01 16:05:00+00:00,2025-05-01 16:12:00+00:00,long,7,0.16871149426145773,15250.574300118382,1.2311891143811935,-9.030850764850634,6.434249181513289,6.0,-15.030850764850634,-0.09855924419012836,90379.36916850158
2025-05-01 16:14:00+00:00,2025-05-01 16:21:00+00:00,long,7,0.17044523637375253,15404.732941235894,1.2164984960573952,-3.9499712435945273,6.499983792455923,6.0,-9.949971243594527,-0.06459035207913354,90369.41919725799
2025-05-01 16:22:00+00:00,2025-05-01 16:29:00+00:00,long,7,0.1723928909541493,15579.045429262704,1.2509432636717577,-3.5411896010165838,6.57495560111502,6.0,-9.541189601016583,-0.06124373694356786,90359.87800765697
2025-05-01 16:31:00+00:00,2025-05-01 16:38:00+00:00,long,6,0.1749655510735913,15809.865850552183,1.1146399055916534,-1.246945487825455,6.671043433891535,6.0,-7.246945487825455,-0.04583812131190439,90352.63106216914
2025-05-01 17:18:00+00:00,2025-05-01 17:21:00+00:00,long,3,0.19110412642873467,17266.76062967359,1.3590629292772054,-9.356480773890056,7.280961785781853,6.0,-15.356480773890056,-0.08893666335710565,90337.27458139525
2025-05-01 17:23:00+00:00,2025-05-01 17:29:00+00:00,long,6,0.19335380125172927,17467.05543503399,1.100030115531026,-3.6243360561270457,7.37080912548822,6.0,-9.624336056127046,-0.05509993422716997,90327.65024533913
2025-05-01 17:30:00+00:00,2025-05-01 17:37:00+00:00,long,7,0.19706282970313904,17800.22235778197,1.2587166462523205,-23.78734890892198,7.508035949569994,6.0,-29.78734890892198,-0.16734256634664696,90297.8628964302
2025-05-01 17:38:00+00:00,2025-05-01 18:49:00+00:00,long,71,0.20178226907759678,18220.50766809942,1.253091847752797,-32.70169923596842,7.702173989800018,6.0,-38.70169923596842,-0.21240735955852424,90259.16119719423
2025-05-01 18:50:00+00:00,2025-05-02 13:43:00+00:00,long,79,0.25136984591278977,22688.431442356366,1.323678296175826,-166.6750888290017,9.636358797533665,6.0,-172.6750888290017,-0.7610710738982143,90086.48610836524
2025-05-02 13:44:00+00:00,2025-05-02 15:12:00+00:00,long,87,0.39925983253730934,35967.91535750055,1.2921014115958416,55.68463755416728,15.129969084016494,6.0,49.68463755416728,0.13813599442817395,90136.1707459194
2025-05-02 15:13:00+00:00,2025-05-02 15:22:00+00:00,long,7,0.41450599569397767,37361.983203079704,1.1774878698156692,-46.93143268612105,15.767355201605103,6.0,-52.93143268612105,-0.14167190322423243,90083.23931323328
2025-05-02 15:23:00+00:00,2025-05-05 14:28:00+00:00,long,319,0.4150974191355837,37393.32014629628,1.186277862052469,-205.01143769634137,15.818684989922797,6.0,-211.01143769634137,-0.5643024927200575,89872.22787553693
2025-05-06 14:13:00+00:00,2025-05-06 19:48:00+00:00,long,264,0.47411450598923693,42609.72692136232,0.9975618911018809,72.72547824540248,17.986376827509183,6.0,66.72547824540248,0.15659682205555223,89938.95335378233
2025-05-08 13:37:00+00:00,2025-05-08 14:56:00+00:00,short,75,0.20115030911763715,18091.248268830062,0.26313701582475335,30.426038691021038,7.683336155932777,6.0,24.426038691021038,0.13501577297518697,89963.37939247335
2025-05-08 15:16:00+00:00,2025-05-09 13:30:00+00:00,short,243,0.2044743024896197,18395.199250885016,0.5153824323914235,-11.593297368977117,7.780846441950802,6.0,-17.59329736897712,-0.09564070021220718,89945.78609510437
2025-05-09 13:59:00+00:00,2025-05-09 16:50:00+00:00,short,136,0.8491875647942978,76380.84305761049,0.35270715576168016,151.95450562256616,32.32331559657575,6.0,145.95450562256616,0.19108784320759528,90091.74060072693
2025-05-12 13:32:00+00:00,2025-05-12 13:37:00+00:00,short,5,0.8597316694251763,77454.72254808291,0.43381801097295725,173.90833597295273,32.70633170654296,6.0,167.90833597295273,0.2167825672201167,90259.64893669989
2025-05-13 13:55:00+00:00,2025-05-13 15:50:00+00:00,short,106,0.9292369885440429,83872.60436498153,0.5172369856409316,56.559317960677106,35.342319728136836,6.0,50.559317960677106,0.060281087422374854,90310.20825466057
2025-05-13 19:37:00+00:00,2025-05-21 17:25:00+00:00,short,1945,1.0,90310.20825466057,0.5284653608864932,-915.1753897787047,38.13211725450142,6.0,-921.1753897787047,-1.0200124743164527,89389.03286488187
2025-05-23 13:32:00+00:00,2025-05-27 18:02:00+00:00,long,550,0.6067896157185768,54240.3369015369,0.6470654536285975,-57.84770746946202,23.0968502229262,6.0,-63.84770746946202,-0.11771259383098133,89325.1851574124
2025-05-30 14:05:00+00:00,2025-05-30 14:21:00+00:00,short,15,0.46013810697288193,41101.92160333391,0.7125476274808045,22.484830833980496,17.345876921488838,6.0,16.484830833980496,0.04010720226920816,89341.66998824639
2025-05-30 19:30:00+00:00,2025-06-02 13:30:00+00:00,short,31,0.5052508254569038,45139.952509259776,0.8617767209494389,29.149855611744286,18.96995720596127,6.0,23.149855611744286,0.051284625536536496,89364.81984385813
2025-06-02 18:36:00+00:00,2025-06-05 19:17:00+00:00,short,877,0.5737907339697814,51276.70556928465,0.4818160201147852,-25.696223812203442,21.77044666085748,6.0,-31.696223812203442,-0.06181408001997277,89333.12362004592
2025-06-09 13:37:00+00:00,2025-06-09 13:38:00+00:00,long,1,0.5247598027146594,46878.43232673958,0.4717342339280725,-47.21043024517779,19.831230567580313,6.0,-53.21043024517779,-0.11350727318333644,89279.91318980075
2025-06-09 13:59:00+00:00,2025-06-09 19:07:00+00:00,long,233,0.5277436554501892,47116.907745061006,0.8284880146697142,34.66269139352822,19.859822807205997,6.0,28.66269139352822,0.060833133508284544,89308.57588119428
2025-06-11 14:12:00+00:00,2025-06-11 14:17:00+00:00,short,5,0.8556937256933713,76420.7880321483,0.7696952135033391,36.869782932846114,32.20757062695517,6.0,30.869782932846114,0.04039448391955861,89339.44566412712
2025-06-11 14:20:00+00:00,2025-06-12 18:02:00+00:00,short,495,0.8425666760848174,75274.43977648375,1.0318713208719668,-175.84621393850816,31.553957363516396,6.0,-181.84621393850816,-0.24157763841016078,89157.59945018862
2025-06-13 13:32:00+00:00,2025-06-13 13:36:00+00:00,long,4,0.6789140816504221,60530.34975288098,1.4203947674292483,62.460215229041694,25.403856359089552,6.0,56.460215229041694,0.09327587806702609,89214.05966541766
2025-06-13 14:00:00+00:00,2025-06-13 15:05:00+00:00,long,65,0.5971037230762631,53270.047176968765,1.055471593961977,125.31371903763836,22.43391807391607,6.0,119.31371903763836,0.22397900013353753,89333.3733844553
2025-06-18 15:47:00+00:00,2025-06-18 17:01:00+00:00,long,74,1.0,89333.3733844553,0.9446494833915268,461.6689137167634,37.50607992914759,6.0,455.6689137167634,0.5100769135357126,89789.04229817208
2025-06-20 19:21:00+00:00,2025-06-23 14:08:00+00:00,short,78,1.0,89789.04229817208,0.8808121349280977,317.71281562901265,38.107153746700575,6.0,311.71281562901265,0.3471613101673081,90100.75511380109
2025-06-23 15:11:00+00:00,2025-06-23 16:18:00+00:00,short,60,1.0,90100.75511380109,0.8742299466042797,-9.852671425638334,38.09562982534118,6.0,-15.852671425638334,-0.017594382428444397,90084.90244237545
2025-06-30 13:35:00+00:00,2025-07-01 13:33:00+00:00,short,342,1.0,90084.90244237545,0.5043939767052595,178.31525039768928,38.299333949545726,6.0,172.31525039768928,0.19128094245083305,90257.21769277313
2025-07-08 13:48:00+00:00,2025-07-08 14:10:00+00:00,short,22,1.0,90257.21769277313,0.624095047063571,55.59301864216095,38.14497688787722,6.0,49.59301864216095,0.054946318876093435,90306.8107114153
2025-07-09 19:47:00+00:00,2025-07-10 14:33:00+00:00,short,72,0.6781443902957196,61241.05708944368,0.6483641770978232,65.6909548121792,25.85748543714913,6.0,59.6909548121792,0.09746885120712313,90366.50166622747
2025-07-11 14:24:00+00:00,2025-07-14 14:43:00+00:00,long,380,0.8083303509654138,73045.9860073783,0.636444432081577,72.54477646209287,30.916154920906628,6.0,66.54477646209287,0.09109984011355701,90433.04644268956
2025-07-15 13:34:00+00:00,2025-07-15 14:06:00+00:00,long,32,0.8448354903096761,76401.04713160735,0.8197109571926533,77.2656504293328,32.368336241264956,6.0,71.2656504293328,0.09327836869378452,90504.31209311889
2025-07-15 16:58:00+00:00,2025-07-16 16:25:00+00:00,long,312,1.0,90504.31209311889,0.7348091775857236,102.4124899713103,38.33404966408865,6.0,96.4124899713103,0.10652806230062557,90600.7245830902
2025-07-21 13:56:00+00:00,2025-07-22 13:31:00+00:00,short,288,1.0,90600.7245830902,0.764522683639094,43.74164535565106,38.26779255349908,6.0,37.74164535565106,0.04165711204774977,90638.46622844585
2025-07-22 13:49:00+00:00,2025-07-22 14:54:00+00:00,short,58,1.0,90638.46622844585,0.5906146118073018,78.77542253648656,38.28635909264394,6.0,72.77542253648656,0.08029198370707516,90711.24165098234
2025-07-23 14:00:00+00:00,2025-07-24 17:53:00+00:00,short,501,0.7426190675803392,67363.89769390733,0.7075485566262754,311.0229467184949,28.64506956477682,6.0,305.0229467184949,0.452798839082143,91016.26459770084
2025-07-29 14:35:00+00:00,2025-07-30 13:32:00+00:00,long,268,0.5563109179764371,50633.341709133245,0.9044139480973277,339.19710813533015,21.290751407638403,6.0,333.19710813533015,0.658058695887394,91349.46170583616
2025-07-30 18:28:00+00:00,2025-07-30 18:30:00+00:00,long,2,0.28208342152175125,25768.168712152456,1.026877012296777,-17.15926502389373,10.871538958596307,6.0,-23.15926502389373,-0.08987547886152908,91326.30244081227
2025-07-30 18:53:00+00:00,2025-07-30 19:03:00+00:00,long,10,0.29243990037789863,26707.45478767298,1.0133281484512706,-14.758546476902488,11.255617569032545,6.0,-20.758546476902488,-0.07772566364685468,91305.54389433537
2025-07-30 19:09:00+00:00,2025-07-30 19:11:00+00:00,long,2,0.30227378801782223,27599.27261996829,1.07592728543462,-5.460033219380241,11.6422381063654,6.0,-11.460033219380241,-0.041522953800923065,91294.08386111599
2025-07-31 13:31:00+00:00,2025-08-07 13:32:00+00:00,long,1835,0.3535980623728286,32281.411159393134,0.9295307579970282,-628.6268409951019,13.633400330712632,6.0,-634.6268409951019,-1.9659203801889573,90659.45702012088
2025-08-07 16:04:00+00:00,2025-08-13 13:31:00+00:00,long,1179,1.0,90659.45702012088,0.46529976202104345,-192.5810019203575,38.89484608448837,6.0,-198.5810019203575,-0.21904058158685483,90460.87601820052
2025-08-14 14:18:00+00:00,2025-08-15 16:19:00+00:00,short,401,0.8323970956290747,75299.37046561194,0.6958210122922128,349.46869521339096,31.85656738577454,6.0,343.46869521339096,0.4561375388526625,90804.34471341391
2025-08-21 13:32:00+00:00,2025-08-21 16:56:00+00:00,long,176,0.49746101248154867,45171.621258858446,0.8869846358330143,12.871914934427764,19.10986081883071,6.0,6.871914934427764,0.015212903019459672,90811.21662834834
2025-08-22 13:51:00+00:00,2025-08-22 13:52:00+00:00,short,1,0.4859565936222201,44130.30949540167,0.6262423083134864,-20.799372101422733,18.647545534435018,6.0,-26.799372101422733,-0.06072781362255164,90784.41725624692
2025-08-22 14:12:00+00:00,2025-08-22 14:13:00+00:00,short,1,0.47703546208212255,43307.38643568997,0.6833808886923276,-7.110867449366987,18.283051087337622,6.0,-13.110867449366987,-0.03027397524631552,90771.30638879754
2025-08-22 14:16:00+00:00,2025-08-22 14:17:00+00:00,short,1,0.47636849704550277,43240.59079928833,0.7887547251663857,-32.74553088179668,18.23413587434531,6.0,-38.74553088179668,-0.08960453630627631,90732.56085791574
2025-08-22 14:24:00+00:00,2025-08-22 14:25:00+00:00,short,1,0.4802482675660423,43574.15516384453,0.7864169171401456,-20.764322134073854,18.382354553127364,6.0,-26.764322134073854,-0.061422469428119714,90705.79653578167
2025-08-22 14:28:00+00:00,2025-08-22 14:29:00+00:00,short,1,0.4865801130254955,44135.63673044824,0.7148027986982713,-21.54106960242749,18.62739450478955,6.0,-27.54106960242749,-0.06240097944124026,90678.25546617924
2025-08-22 14:32:00+00:00,2025-08-22 14:34:00+00:00,short,1,0.4882182170053851,44270.77620485684,0.7066472599860185,2.623465936405738,18.683911307320344,6.0,-3.376534063594262,-0.007627004432833573,90674.87893211565
2025-08-22 14:37:00+00:00,2025-08-22 14:40:00+00:00,short,3,0.49271716470311533,44677.06925723027,0.5696381813739135,-31.04092365599569,18.894023025514677,6.0,-37.04092365599569,-0.08290813222937896,90637.83800845966
2025-08-22 14:41:00+00:00,2025-08-22 14:42:00+00:00,short,1,0.49384445068194616,44760.99332228698,0.8990214613041855,-12.664702743052317,18.86020936369761,6.0,-18.664702743052317,-0.04169858923519233,90619.1733057166
2025-08-25 16:53:00+00:00,2025-08-28 18:14:00+00:00,short,984,0.40568805392899715,36763.116067050694,0.8902416350741558,-118.72941968224649,15.45654752168308,6.0,-124.72941968224649,-0.33927869295616225,90494.44388603435
2025-09-05 13:30:00+00:00,2025-09-05 13:31:00+00:00,long,1,1.0,90494.44388603435,0.6731432643044817,-57.128458971960114,38.224206329489675,6.0,-63.128458971960114,-0.0697594860646494,90431.31542706239
2025-09-05 14:02:00+00:00,2025-09-09 17:28:00+00:00,long,809,1.0,90431.31542706239,0.8492870515666969,176.29036890530074,37.88082758842816,6.0,170.29036890530074,0.18830906981846224,90601.6057959677
2025-09-10 15:15:00+00:00,2025-09-15 13:31:00+00:00,long,801,0.5182052092150363,46950.22408671769,0.4780093374161338,-108.52331533833558,20.071233428924856,6.0,-114.52331533833558,-0.2439249600317338,90487.08248062937
2025-09-16 13:31:00+00:00,2025-09-17 18:03:00+00:00,long,576,0.5950546176999952,53844.756272298844,0.5009184352001822,143.0440046549146,23.193241585337663,6.0,137.0440046549146,0.2545169003307732,90624.12648528429
2025-09-18 13:48:00+00:00,2025-09-18 17:09:00+00:00,long,170,1.0,90624.12648528429,0.7670548655552648,363.0811878193962,38.10361622886121,6.0,357.0811878193962,0.3940244189579909,90981.20767310368
2025-09-22 13:52:00+00:00,2025-09-23 18:02:00+00:00,short,571,1.0,90981.20767310368,0.675442269536505,-609.9531961364306,38.23096914209289,6.0,-615.9531961364306,-0.6770114531228868,90365.25447696725
2025-09-24 14:21:00+00:00,2025-09-24 18:54:00+00:00,short,227,0.3999538140713218,36141.92818758864,0.3992902289388629,-7.754357479543163,15.340328061951123,6.0,-13.754357479543163,-0.03805651266903489,90351.50011948771
2025-09-25 14:20:00+00:00,2025-09-25 14:31:00+00:00,long,11,1.0,90351.50011948771,0.4865986706306114,140.85016974269348,38.33652658313423,6.0,134.85016974269348,0.1492506151689317,90486.35028923041
2025-09-25 15:31:00+00:00,2025-09-25 15:48:00+00:00,long,15,1.0,90486.35028923041,0.4901613671630968,137.2351206114569,38.42984389573508,6.0,131.2351206114569,0.14503305768436586,90617.58540984186
2025-09-29 19:56:00+00:00,2025-10-02 14:36:00+00:00,short,770,0.9854611079757345,89300.10612006852,0.510398581333858,-166.88380277942184,38.07324847030949,6.0,-172.88380277942184,-0.19359865322776973,90444.70160706244
2025-10-08 14:03:00+00:00,2025-10-09 13:33:00+00:00,short,289,0.8997340448079931,81376.17720837428,0.7523138654071181,41.411274239689476,34.26964738856121,6.0,35.411274239689476,0.04351552930412829,90480.11288130212
2025-10-10 13:38:00+00:00,2025-10-10 13:55:00+00:00,short,17,0.5813298982265233,52598.7948128117,0.3619612369233363,119.0315244684692,22.30921301482398,6.0,113.0315244684692,0.21489375349896356,90593.1444057706
2025-10-13 14:14:00+00:00,2025-10-14 13:34:00+00:00,long,311,0.6483674886000241,58737.649522748805,0.4813823253875809,-29.670246813119263,24.99802397028425,6.0,-35.67024681311926,-0.06072808003545384,90557.47415895747
2025-10-14 13:44:00+00:00,2025-10-14 13:45:00+00:00,short,1,0.6504679499480335,58904.73456864908,0.36829311227064626,-57.88696489523069,25.02406511411629,6.0,-63.88696489523069,-0.10845811523142539,90493.58719406225
2025-10-14 13:56:00+00:00,2025-10-14 14:03:00+00:00,short,7,0.6518452894595694,58987.81853874829,0.36359867758656367,77.01774644048535,25.08271732223774,6.0,71.01774644048535,0.1203939189475786,90564.60494050273
2025-10-15 13:45:00+00:00,2025-10-15 14:54:00+00:00,short,65,0.6300428467539214,57059.581511858596,0.2760070343814666,76.58920537546577,24.228244162054743,6.0,70.58920537546577,0.12371139693829569,90635.1941458782
2025-10-16 14:06:00+00:00,2025-10-17 19:02:00+00:00,long,640,0.6339259252191783,57455.99930634569,0.5738626841372384,-255.1786756226935,24.42142620553907,6.0,-261.1786756226935,-0.4545716352963124,90374.0154702555
2025-10-23 14:11:00+00:00,2025-10-23 14:43:00+00:00,long,27,0.9262650177555598,83710.28904419745,0.5499125728780008,-52.46750769795443,35.50091975071952,6.0,-58.46750769795443,-0.06984506727373106,90315.54796255755
2025-10-24 14:58:00+00:00,2025-10-24 14:59:00+00:00,long,1,0.7329833936027148,66199.7968406842,0.38485310779395854,-21.24042759131464,28.09806571382298,6.0,-27.24042759131464,-0.041148808442526184,90288.30753496624
2025-10-27 13:31:00+00:00,2025-10-28 13:39:00+00:00,short,347,0.5751854593192107,51932.52164065371,0.6601825364080639,-49.31211068119191,21.888515209395983,6.0,-55.31211068119191,-0.10650765442110285,90232.99542428505
2025-10-28 14:19:00+00:00,2025-10-29 13:34:00+00:00,short,321,0.8890938017131964,80225.59694174705,0.6407883024956789,-257.541961626335,33.659866266507045,6.0,-263.541961626335,-0.32850109151284546,89969.45346265871
2025-10-29 13:38:00+00:00,2025-10-29 18:17:00+00:00,short,269,1.0,89969.45346265871,0.5308992678658864,312.27733714581035,37.908720312557065,6.0,306.27733714581035,0.34042369421853713,90275.73079980453
2025-10-30 13:31:00+00:00,2025-10-30 13:34:00+00:00,short,3,0.4038138405255192,36454.58956051697,0.8272283395068303,180.1217482761479,15.4962107415827,6.0,174.1217482761479,0.4776401281026483,90449.85254808067
2025-10-30 13:36:00+00:00,2025-10-30 17:39:00+00:00,short,227,0.3890668730573057,35191.04129937612,0.3858252769363969,-2.562718699821886,14.875487625082986,6.0,-8.562718699821886,-0.02433209812400092,90441.28982938085
2025-10-31 14:04:00+00:00,2025-11-04 20:50:00+00:00,long,1104,1.0,90441.28982938085,0.22478487106601408,-376.19863117361774,38.60989565416162,6.0,-382.19863117361774,-0.42259307877479685,90059.09119820724
2025-11-06 15:28:00+00:00,2025-11-07 20:44:00+00:00,long,706,1.0,90059.09119820724,0.283807655563314,337.6277349103394,38.44215867306406,6.0,331.6277349103394,0.36823349036520253,90390.71893311758
2025-11-12 17:10:00+00:00,2025-11-12 19:55:00+00:00,short,163,1.0,90390.71893311758,0.38871356115354266,342.211766781507,38.332239878573084,6.0,336.211766781507,0.37195385848217305,90726.93069989908
2025-11-14 14:37:00+00:00,2025-11-18 14:50:00+00:00,long,793,1.0,90726.93069989908,0.5263961886094665,-173.5620229355111,37.894975680290244,6.0,-179.5620229355111,-0.1979147994430179,90547.36867696357
2025-11-18 14:59:00+00:00,2025-11-18 15:04:00+00:00,long,5,0.7549149751016266,68355.56457028777,0.6771288970394729,35.80786929668179,29.002710670922994,6.0,29.807869296681787,0.043607085222785835,90577.17654626025
2025-11-18 15:05:00+00:00,2025-11-18 15:46:00+00:00,long,41,0.6932495916896576,62792.590657096946,0.712107091783656,67.86869757306422,26.64700216933331,6.0,61.868697573064225,0.0985286590752753,90639.04524383332
2025-11-18 15:48:00+00:00,2025-11-18 15:50:00+00:00,short,2,0.5196857860978427,47103.82347869944,0.7799825523734978,-14.533950707913757,19.976905429401732,6.0,-20.533950707913757,-0.04359295953373997,90618.5112931254
2025-11-18 16:01:00+00:00,2025-11-18 16:04:00+00:00,long,3,0.48183591042122637,43663.25288993926,0.7004904893541605,-18.218591805973542,18.540019357386917,6.0,-24.218591805973542,-0.05546676026868788,90594.29270131943
2025-11-18 16:05:00+00:00,2025-11-18 16:48:00+00:00,long,43,0.4752325836936486,43053.35978834669,0.8206178564172716,-96.20988192511578,18.279212713094747,6.0,-102.20988192511578,-0.2374028006817277,90492.08281939432
2025-11-18 16:49:00+00:00,2025-11-18 16:56:00+00:00,long,7,0.4320865945843681,39100.41590227869,0.9147813468440854,-0.2767365596006677,16.562265107122123,6.0,-6.276736559600668,-0.016052863926787213,90485.80608283472
2025-11-18 16:57:00+00:00,2025-11-18 17:00:00+00:00,long,3,0.418263488592483,37846.908920309375,0.9286217670300103,-31.853359404929726,16.041156412376093,6.0,-37.853359404929726,-0.10001704362338794,90447.95272342979
2025-11-18 17:01:00+00:00,2025-11-18 17:51:00+00:00,long,50,0.41266717597932784,37324.90122348953,0.8130718580703337,47.691566350563114,15.85001390588935,6.0,41.691566350563114,0.11169906679974154,90489.64428978035
2025-11-18 19:02:00+00:00,2025-11-18 19:03:00+00:00,short,1,0.38469845679630776,34811.226514325324,0.8930781766742306,-24.974808639189632,14.754767449439594,6.0,-30.974808639189632,-0.08897936597104113,90458.66948114116
2025-11-18 19:04:00+00:00,2025-11-18 19:05:00+00:00,short,1,0.3821159907227774,34565.704108250524,0.8322389651635577,-16.76304684177097,14.65536872959721,6.0,-22.76304684177097,-0.06585442833880428,90435.90643429938
2025-11-18 19:08:00+00:00,2025-11-18 19:09:00+00:00,short,1,0.3784787849383698,34228.07198205373,0.8702608516993983,-7.434272195864054,14.516474687672051,6.0,-13.434272195864054,-0.039249281124884385,90422.47216210351
2025-11-18 21:00:00+00:00,2025-11-19 14:38:00+00:00,short,9,0.5078226197863767,45918.57670092012,0.5307316557017477,-49.48468220318924,19.57339902646153,6.0,-55.48468220318924,-0.12083275700067034,90366.98747990033
2025-11-19 14:39:00+00:00,2025-11-19 14:42:00+00:00,short,3,0.529553168711603,47854.124566902974,0.9394439802822735,-7.8996369295171895,20.281196872132313,6.0,-13.89963692951719,-0.029045849350111196,90353.08784297081
2025-11-19 14:43:00+00:00,2025-11-19 14:50:00+00:00,short,7,0.525398378399878,47471.365836118595,0.9953277607004768,-86.67278798197472,20.096146633914397,6.0,-92.67278798197472,-0.19521828864562524,90260.41505498883
2025-11-19 14:53:00+00:00,2025-11-19 14:56:00+00:00,short,3,0.5230747997527126,47212.94853048501,0.8992851854541489,-44.45344946115758,20.003810588963745,6.0,-50.45344946115758,-0.10686358516367647,90209.96160552767
2025-11-19 15:33:00+00:00,2025-11-19 15:55:00+00:00,short,22,0.5327620319901627,48060.44245071548,0.8319166948933925,52.56525019938965,20.362923027574844,6.0,46.56525019938965,0.09688893365295356,90256.52685572706
2025-11-19 15:58:00+00:00,2025-11-19 16:03:00+00:00,short,5,0.5405424833168179,48787.48716214577,0.9122880264250113,14.364521063586835,20.698572488176602,6.0,8.364521063586835,0.017144808126287082,90264.89137679065
2025-11-19 17:57:00+00:00,2025-11-19 17:59:00+00:00,short,2,0.5505389087010667,49694.33479259865,0.9016069899693764,-10.517548720312996,21.06097259441119,6.0,-16.517548720312995,-0.03323829323654228,90248.37382807034
2025-11-19 19:56:00+00:00,2025-11-19 20:15:00+00:00,short,19,0.6033336436508638,54449.88021525494,1.042788523558408,23.537898690326458,23.068366929272656,6.0,17.537898690326458,0.03220925118842219,90265.91172676066
2025-11-21 14:34:00+00:00,2025-11-21 16:02:00+00:00,short,88,0.6631250130466116,59857.58389147246,0.62668821528314,257.2831602292953,25.43543815351417,6.0,251.28316022929528,0.4198017091449861,90517.19488698996
2025-11-21 17:44:00+00:00,2025-11-21 21:00:00+00:00,short,196,0.524920938792954,47514.37091698355,0.6479440574965909,57.03323937485334,20.10574397946851,6.0,51.03323937485334,0.1074059034981604,90568.22812636482
2025-11-25 15:11:00+00:00,2025-11-28 14:31:00+00:00,short,741,0.7328697769036261,66374.7171415257,0.7961163752618752,27.41184801106408,28.143856818332228,6.0,21.41184801106408,0.03225904219736145,90589.63997437588
2025-12-02 14:32:00+00:00,2025-12-04 21:00:00+00:00,long,1166,0.6160213443218705,55805.15179864929,0.7729214056250423,15.935201626132482,23.576199559869856,6.0,9.935201626132482,0.01780337711826268,90599.575176002
2025-12-11 14:37:00+00:00,2025-12-16 19:23:00+00:00,short,1422,1.0,90599.575176002,0.6483533695906263,-169.3630680667493,38.875415790913934,6.0,-175.3630680667493,-0.1935583778688616,90424.21210793525
2025-12-19 14:32:00+00:00,2025-12-30 14:31:00+00:00,short,1939,0.6324245388923838,57186.49064706806,0.4486421688462373,-173.082485639472,24.416918607448853,6.0,-179.082485639472,-0.31315522881915736,90245.12962229578
2025-12-31 20:15:00+00:00,2025-12-31 20:31:00+00:00,long,15,0.5487778788526729,49524.530810908,0.6797368356064648,-13.549780649547397,20.92981911536973,6.0,-19.549780649547397,-0.039474943688394264,90225.57984164623
2025-12-31 20:32:00+00:00,2025-12-31 20:35:00+00:00,long,3,0.5481501280865388,49457.16314688062,0.6765345008290619,-9.265964489469326,20.907054186042274,6.0,-15.265964489469326,-0.03086704436348607,90210.31387715676
2025-12-31 20:44:00+00:00,2026-01-02 15:34:00+00:00,long,81,0.5487039256616799,49498.75335956823,0.6727526659610817,50.92734216975515,20.799992810770526,6.0,44.92734216975515,0.09076459328863196,90255.24121932652
2026-01-02 15:45:00+00:00,2026-01-02 15:52:00+00:00,long,7,0.4734768689697321,42733.76902063463,0.7386134048628342,9.224767299582822,18.07294341309764,6.0,3.2247672995828225,0.007546180394305253,90258.4659866261
2026-01-02 15:53:00+00:00,2026-01-02 15:55:00+00:00,long,2,0.4732283407889239,42712.8641010046,0.7267436595114454,-14.263285246049836,18.06176617072407,6.0,-20.263285246049836,-0.04744070825625867,90238.20270138005
2026-01-02 20:52:00+00:00,2026-01-05 14:32:00+00:00,long,11,1.0,90238.20270138005,0.7107658704722227,-31.673786268059587,38.23500683513649,6.0,-37.67378626805959,-0.041749264879234374,90200.528915112
2026-01-05 14:43:00+00:00,2026-01-06 17:43:00+00:00,short,564,1.0,90200.528915112,0.7399094653498335,284.19564375979905,38.476088775271684,6.0,278.19564375979905,0.3084190825772317,90478.72455887179
2026-01-08 14:38:00+00:00,2026-01-09 14:39:00+00:00,long,386,1.0,90478.72455887179,0.767746590234879,125.68581200649623,38.23054497966477,6.0,119.68581200649623,0.1322806135807322,90598.4103708783
2026-01-09 16:06:00+00:00,2026-01-15 16:48:00+00:00,long,1581,1.0,90598.4103708783,0.7776439600658407,937.0719124238676,37.17641636811896,6.0,931.0719124238676,1.0276912239545748,91529.48228330216
2026-01-21 19:29:00+00:00,2026-01-22 20:36:00+00:00,short,458,1.0,91529.48228330216,0.6993069541454946,253.31912592193922,38.934774531773634,6.0,247.31912592193922,0.2702070630711499,91776.8014092241
2026-01-23 15:04:00+00:00,2026-01-27 15:33:00+00:00,short,811,1.0,91776.8014092241,0.7975896503078301,-210.96355563204722,38.81413724800443,6.0,-216.96355563204722,-0.23640348356076085,91559.83785359206
2026-01-28 14:34:00+00:00,2026-01-29 14:31:00+00:00,short,387,1.0,91559.83785359206,0.9069524018349744,1154.4529033224896,39.18416650432993,6.0,1148.4529033224896,1.254319503229039,92708.29075691455
2026-01-29 17:17:00+00:00,2026-01-29 21:00:00+00:00,short,223,0.3395982639001691,31483.574590200275,0.37333722041908074,72.0148955077883,13.438042242553092,6.0,66.0148955077883,0.20968043294657018,92774.30565242234
2026-01-30 14:32:00+00:00,2026-02-02 14:37:00+00:00,long,396,1.0,92774.30565242234,0.4804060620338756,-233.34772042919974,39.70306342411532,6.0,-239.34772042919974,-0.2579892339220653,92534.95793199314
2026-02-04 15:42:00+00:00,2026-02-04 18:30:00+00:00,long,168,1.0,92534.95793199314,0.46199050740602216,383.55445245767413,39.574012396583115,6.0,377.55445245767413,0.4080127779764604,92912.5123844508
2026-02-09 14:33:00+00:00,2026-02-09 15:50:00+00:00,short,77,1.0,92912.5123844508,0.5359133166462112,142.88845659570006,39.25291449780768,6.0,136.88845659570006,0.14733048658644254,93049.4008410465
2026-02-11 15:04:00+00:00,2026-02-11 16:01:00+00:00,short,57,1.0,93049.4008410465,0.32206473113426,277.19191378202504,39.60763644489526,6.0,271.19191378202504,0.2914493928287556,93320.59275482853
2026-02-11 16:32:00+00:00,2026-02-11 18:42:00+00:00,short,127,1.0,93320.59275482853,0.39137612489680074,174.7454604044782,39.72141856061557,6.0,168.7454604044782,0.18082339108990186,93489.338215233
2026-02-11 19:26:00+00:00,2026-02-12 17:01:00+00:00,short,245,0.8548715583212823,79921.37624648164,0.44720744021610953,-3.078817722258009,33.8077046942517,6.0,-9.078817722258009,-0.011359686417634336,93480.25939751074
2026-02-13 15:21:00+00:00,2026-02-17 14:50:00+00:00,long,359,1.0,93480.25939751074,0.6299825101291996,-34.283125249016564,39.73012405585704,6.0,-40.283125249016564,-0.04309265454401301,93439.97627226173
2026-02-23 14:45:00+00:00,2026-02-23 14:50:00+00:00,short,5,0.5199744334279224,48586.3987216878,0.643453078501429,-14.754740059253749,20.60569115957066,6.0,-20.75474005925375,-0.042717181362094514,93419.22153220247
2026-02-23 15:22:00+00:00,2026-02-23 15:24:00+00:00,long,2,0.5245007044487686,48998.447502695766,0.7617264181239582,52.516231589150294,20.838298720756637,6.0,46.516231589150294,0.09493409273138928,93465.73776379162
2026-02-23 15:46:00+00:00,2026-02-23 15:53:00+00:00,long,7,0.5234436509614245,48924.04701488218,0.653539185545812,-20.006545658459764,20.839568222549097,6.0,-26.006545658459764,-0.05315697953308901,93439.73121813317
2026-02-23 16:02:00+00:00,2026-02-23 16:21:00+00:00,long,19,0.5100695433832757,47660.761036289194,0.6792277243065831,-1.1396399683962386,20.263503449586402,6.0,-7.139639968396239,-0.014980121620299084,93432.59157816476
2026-02-23 16:22:00+00:00,2026-02-23 16:23:00+00:00,long,1,0.4975165112986093,46484.257003556355,0.7292566878965798,-7.466591122425326,19.772118592065645,6.0,-13.466591122425326,-0.028970219146226307,93419.12498704233
2026-02-23 16:24:00+00:00,2026-02-23 16:25:00+00:00,long,1,0.4969867544239906,46428.067728439295,0.712148597228833,-49.13446632963211,19.760403709495222,6.0,-55.13446632963211,-0.11875244658493456,93363.9905207127
2026-02-23 16:26:00+00:00,2026-02-23 16:29:00+00:00,long,3,0.4953988331431272,46252.41196154706,0.6858326501408923,-15.976950033091953,19.70883458393608,6.0,-21.976950033091953,-0.04751525185619068,93342.01357067961
2026-02-23 17:14:00+00:00,2026-02-23 17:53:00+00:00,long,39,0.4870476367261244,45462.007116857334,0.7672054194470324,40.40341273186068,19.317960520589345,6.0,34.40341273186068,0.07567508544756679,93376.41698341147
2026-02-23 18:48:00+00:00,2026-02-23 18:49:00+00:00,long,1,0.4889090416557568,45652.57454060804,0.6818297252585573,-31.68882950873145,19.461538760157865,6.0,-37.68882950873145,-0.08255575920522769,93338.72815390275
2026-02-23 18:50:00+00:00,2026-02-23 18:51:00+00:00,long,1,0.48918358517336524,45659.77367384827,0.6920379893391726,-36.40950976263612,19.465451756902688,6.0,-42.40950976263612,-0.0928815593033179,93296.3186441401
2026-02-23 18:56:00+00:00,2026-02-23 18:57:00+00:00,long,1,0.49059363620235036,45770.58020792183,0.7231933730025132,0.30347558248692685,19.498138385482143,6.0,-5.696524417513073,-0.012445820856182059,93290.6221197226
2026-02-23 18:58:00+00:00,2026-02-23 18:59:00+00:00,long,1,0.49121048037090015,45825.33130552906,0.7092533995694328,-24.01489626334104,19.522618424427122,6.0,-30.01489626334104,-0.06549848175286317,93260.60722345926
2026-02-23 19:00:00+00:00,2026-02-23 19:01:00+00:00,long,1,0.4919108908177009,45875.908377491556,0.718769236336357,7.7966942047664745,19.545816660319772,6.0,1.7966942047664745,0.003916422079280287,93262.40391766402
2026-02-23 19:02:00+00:00,2026-02-23 19:03:00+00:00,long,1,0.49196291642893075,45881.64422450693,0.714360312879307,-52.89172387885333,19.544918998591243,6.0,-58.89172387885333,-0.128355739804541,93203.51219378517
2026-02-23 19:04:00+00:00,2026-02-23 19:09:00+00:00,long,5,0.4922227911829919,45876.89292008295,0.6460285825226105,-5.44974642274839,19.507789428169787,6.0,-11.44974642274839,-0.0249575454961471,93192.06244736242
2026-02-23 19:10:00+00:00,2026-02-23 19:15:00+00:00,long,5,0.49625254245335626,46246.797925975545,0.6652751292254301,-10.585972544603031,19.69033613207079,6.0,-16.58597254460303,-0.03586404527109357,93175.47647481781
2026-02-23 19:16:00+00:00,2026-02-23 19:17:00+00:00,long,1,0.4992044486186225,46513.61235838886,0.7220417772882121,-27.547994000191327,19.816296152349743,6.0,-33.54799400019132,-0.07212510983172617,93141.92848081762
2026-02-23 19:18:00+00:00,2026-02-23 19:21:00+00:00,long,3,0.49938388893966024,46513.5784680904,0.6840680771574953,-22.112415798213576,19.832640108874955,6.0,-28.112415798213576,-0.06043915932526986,93113.8160650194
2026-02-23 19:22:00+00:00,2026-02-23 19:25:00+00:00,long,3,0.4999719788431426,46554.29887566415,0.6610040973186744,-46.20980958837813,19.833519624344824,6.0,-52.20980958837813,-0.11214820295719317,93061.60625543102
2026-02-23 19:26:00+00:00,2026-02-23 19:27:00+00:00,long,1,0.5009363794160461,46617.94410023728,0.698148769745523,21.522658815098733,19.870289238390058,6.0,15.522658815098733,0.033297604848729755,93077.12891424612
2026-02-23 19:30:00+00:00,2026-02-23 19:31:00+00:00,long,1,0.5031959712857347,46836.03628849162,0.6954625908272611,0.2934247113105499,19.9557619147685,6.0,-5.70657528868945,-0.012184155067135024,93071.42233895743
2026-02-23 19:34:00+00:00,2026-02-23 19:39:00+00:00,long,5,0.5047914416849237,46981.65746214874,0.6584569295983883,-22.009355633962905,20.037925947495836,6.0,-28.009355633962905,-0.05961764047283546,93043.41298332348
2026-02-23 19:42:00+00:00,2026-02-23 19:45:00+00:00,long,3,0.5078138186619412,47248.73084840153,0.6805229471333826,26.744629893864314,20.125936637219535,6.0,20.744629893864314,0.04390515791931822,93064.15761321734
2026-02-23 19:46:00+00:00,2026-02-23 19:47:00+00:00,long,1,0.509963615976843,47459.33433427516,0.7023297192904042,-29.95768036557172,20.21906293783742,6.0,-35.95768036557172,-0.07576524380284673,93028.19993285177
2026-02-23 19:48:00+00:00,2026-02-23 19:49:00+00:00,long,1,0.5109181023086112,47529.7913708787,0.7140876537584808,-38.72215115674213,20.25333851883094,6.0,-44.72215115674213,-0.09409288336187227,92983.47778169502
2026-02-23 19:50:00+00:00,2026-02-23 19:53:00+00:00,long,3,0.5119660588098088,47604.384654323825,0.66650664996385,-3.294078114549407,20.30976624955852,6.0,-9.294078114549407,-0.019523575784116856,92974.18370358048
2026-02-23 19:54:00+00:00,2026-02-23 19:55:00+00:00,long,1,0.5138628264470145,47775.976824525824,0.7333676612097796,-24.159188254560785,20.34631464511584,6.0,-30.159188254560785,-0.06312626189796405,92944.02451532592
2026-02-23 19:56:00+00:00,2026-02-23 19:57:00+00:00,long,1,0.5150651464209077,47872.22759593478,0.7014402376361931,-7.254101488202547,20.395432851605676,6.0,-13.254101488202547,-0.027686410584595526,92930.77041383772
2026-02-23 19:58:00+00:00,2026-02-23 19:59:00+00:00,long,1,0.5168308210374067,48029.486372622494,0.7035707727979243,-31.59260618431218,20.458257092001773,6.0,-37.59260618431218,-0.07826984842740378,92893.17780765341
2026-02-23 20:02:00+00:00,2026-02-23 20:09:00+00:00,long,7,0.5206337154609717,48363.32030297528,0.6880236510796714,64.04673875038148,20.567095762741822,6.0,58.04673875038148,0.12002223665940175,92951.2245464038
2026-02-23 20:10:00+00:00,2026-02-23 20:11:00+00:00,long,1,0.5260594874403676,48897.873541835696,0.6879386332227306,-50.043801560873945,20.850970380254264,6.0,-56.043801560873945,-0.11461398523378401,92895.18074484293
2026-02-23 20:12:00+00:00,2026-02-23 20:21:00+00:00,long,9,0.5274510059648878,48997.65653315748,0.6677747031247641,-25.642077279866754,20.91010559122236,6.0,-31.642077279866754,-0.06457875645226842,92863.53866756306
2026-02-23 20:22:00+00:00,2026-02-23 20:25:00+00:00,long,3,0.5345180451170051,49637.23715123322,0.6629388140558887,-16.636968702130464,21.156813957893235,6.0,-22.636968702130464,-0.04560481203488591,92840.90169886092
2026-02-23 20:26:00+00:00,2026-02-23 20:33:00+00:00,long,7,0.5372843726332629,49881.96562397892,0.6836954263119908,-1.5414736597466288,21.276914544555694,6.0,-7.541473659746629,-0.015118637698834671,92833.36022520118
2026-02-23 20:34:00+00:00,2026-02-23 20:35:00+00:00,long,1,0.5437174445465366,50475.11739031447,0.7150170116308205,-33.92120899080344,21.503918544905183,6.0,-39.92120899080344,-0.0790908690357277,92793.43901621037
2026-02-23 20:36:00+00:00,2026-02-23 20:43:00+00:00,long,7,0.5454944696981242,50618.3078076129,0.6724217757128046,8.496474431603488,21.55491059852121,6.0,2.496474431603488,0.004931959482114538,92795.93549064198
2026-02-23 20:44:00+00:00,2026-02-23 20:45:00+00:00,long,1,0.5508301034162948,51114.79474292214,0.7133142702232997,-53.85338201038776,21.779849662577046,6.0,-59.85338201038776,-0.11709600383101539,92736.08210863158
2026-02-23 20:46:00+00:00,2026-02-23 20:49:00+00:00,long,3,0.5527485275915952,51259.732840159384,0.6606008043202083,26.787792483311055,21.83527726635944,6.0,20.787792483311055,0.040553844765700536,92756.8699011149
2026-02-23 20:50:00+00:00,2026-02-23 20:53:00+00:00,long,3,0.5577336302759996,51733.625782987416,0.6979519882614593,-75.10544260062393,22.048212070658963,6.0,-81.10544260062393,-0.1567750981553963,92675.76445851427
2026-02-23 20:54:00+00:00,2026-02-24 14:46:00+00:00,long,23,0.5625752244592346,52137.08899217982,0.6108923266637827,5.94342145516103,22.333803947408608,6.0,-0.0565785448389704,-0.00010851880289568289,92675.70787996943
2026-02-24 14:57:00+00:00,2026-02-25 14:36:00+00:00,long,370,0.5817737527816603,53916.294365026704,0.46990032877000715,-107.66472373431839,23.302978405280317,6.0,-113.66472373431839,-0.21081701751381499,92562.04315623512
2026-03-02 14:30:00+00:00,2026-03-03 14:40:00+00:00,short,398,1.0,92562.04315623512,0.5865473834564597,342.1450299278813,39.53748461154798,6.0,336.1450299278813,0.36315644995055196,92898.188186163
2026-03-04 14:40:00+00:00,2026-03-04 20:52:00+00:00,short,371,1.0,92898.188186163,0.40523111107312665,229.8619937796713,39.586861370321714,6.0,223.8619937796713,0.24097562950427392,93122.05017994267
2026-03-06 14:34:00+00:00,2026-03-09 19:40:00+00:00,long,756,1.0,93122.05017994267,0.37059286071349723,104.18443360944627,39.79641459479748,6.0,98.18443360944627,0.10543628863381056,93220.23461355212
2026-03-13 13:41:00+00:00,2026-03-13 14:11:00+00:00,short,30,1.0,93220.23461355212,0.6209687450707593,-114.58627962359083,39.629283686990696,6.0,-120.58627962359083,-0.12935633569630633,93099.64833392853
2026-03-13 14:34:00+00:00,2026-03-13 15:03:00+00:00,short,29,1.0,93099.64833392853,0.6105600866471756,-82.76389432613296,39.624913259830805,6.0,-88.76389432613296,-0.09534288895244357,93010.8844396024
2026-03-13 15:38:00+00:00,2026-03-13 15:39:00+00:00,short,1,1.0,93010.8844396024,0.5453224772740465,-12.03851027827104,39.686992615412656,6.0,-18.03851027827104,-0.019393977798355996,92992.84592932413
2026-03-16 16:27:00+00:00,2026-03-17 13:32:00+00:00,long,216,0.9565779046062033,88954.90170244037,0.7195645946595493,-301.6549672403888,38.18820986005543,6.0,-307.6549672403888,-0.3458549909588048,92685.19096208374
2026-03-17 13:55:00+00:00,2026-03-17 14:50:00+00:00,long,55,0.7955061434120864,73731.63881366,0.517169250163029,95.4840344182823,31.334735971543903,6.0,89.4840344182823,0.12136449949855707,92774.67499650203
2026-03-17 16:15:00+00:00,2026-03-23 13:31:00+00:00,long,1397,0.7099259108278696,65863.14564865128,0.5242457944474911,-157.09104975540725,27.937618146963683,6.0,-163.09104975540725,-0.24762110608172413,92611.58394674661
2026-03-25 13:32:00+00:00,2026-03-25 14:46:00+00:00,short,73,1.0,92611.58394674661,0.8786389431281136,-177.89329997169267,39.179643028072384,6.0,-183.89329997169267,-0.1985640371699449,92427.69064677492
2026-03-26 13:43:00+00:00,2026-03-26 15:09:00+00:00,short,86,0.8561084027516247,79128.12260963176,0.5397065767570465,38.98269931852252,33.760498578373756,6.0,32.98269931852252,0.041682651162139095,92460.67334609345
2026-03-26 16:29:00+00:00,2026-03-26 16:54:00+00:00,long,25,0.7479754532958239,69158.31405808135,0.820367908887603,46.55420380319523,29.457497882109394,6.0,40.55420380319523,0.058639665173353596,92501.22754989665
2026-03-27 14:00:00+00:00,2026-03-31 17:19:00+00:00,long,975,0.6650937105366351,61521.98466035438,0.37483850232600097,-69.31206762098441,26.539341420049453,6.0,-75.31206762098441,-0.12241488638047231,92425.91548227567
